block,trial,event,stimulus_h,stimulus_s,P(stimulus_h|S),P(stimulus_s|S),P(S|stimulus_h),P(S|stimulus_s),P(stimulus_h|N),P(N|stimulus_h),P(stimulus_s|N),P(N|stimulus_s),P(S_h),P(S_s),output,ev_with_system,ev_without_system,responsibility,ev_with_probability_output,ev_with_binary_unbiased_output
1,1,Blue,0.6606686107358131,1.1297706051158136,0.376622684688741,0.39559720749036165,0.7894040992955373,0.9054703688038039,0.1004747677121755,0.21059590070446266,0.04129970390495656,0.09452963119619606,0.7894040992955373,0.9729034499245334,Blue,1.5976912337598885,1.53789645667468,0.5437913000342127,1.6606697027352972,1.6035034829744643
1,2,Blue,0.11045530521284175,0.5666662399646047,0.26858618885615415,0.36319056609590794,0.5550041439515403,0.7564533720063734,0.2153492768213877,0.4449958560484597,0.11693230668949871,0.24354662799362659,0.5550041439515403,0.7948224558431152,Blue,1.5151622390728665,1.3712474234923921,0.5236540588218972,1.5879197311374962,1.515397014492501
1,3,Blue,-0.12239417507493111,0.9286600059362717,0.21249796325929496,0.3979283836045,0.43910667666883507,0.8649842676930353,0.2714344717274689,0.5608933233311649,0.06211279687361295,0.13501573230696473,0.43910667666883507,0.8337625777339704,Blue,1.5157953929688501,1.3725746384369861,0.5237957763811557,1.5884895949449422,1.5160829496949657
1,4,Orange,-1.4183473309138068,-0.6880652124855408,0.021426207864664478,0.09596990617459161,0.05537317619173116,0.2016311895331279,0.3655157979627715,0.9446268238082688,0.3799976581531674,0.7983688104668721,0.05537317619173116,0.01458850986926826,Orange,1.7620303615644135,1.823882145091458,0.5974533048806814,1.7950434226285858,1.7696903716106718
1,5,Orange,-0.9619754167661095,-2.4538382428396437,0.058214995592613,0.0010246155221965867,0.12742164444446138,0.007335432139498103,0.39865397550269305,0.8725783555555386,0.13865570633361868,0.992664567860502,0.12742164444446138,0.0010779374438016644,Orange,1.6665715497069458,1.6660382686829378,0.5636415914913628,1.7188076443751117,1.6748000203295064
1,6,Blue,0.6549215474051555,0.6907527192057383,0.37588271876489787,0.3803149805036867,0.7874868987771161,0.7992326714299679,0.10143661105329209,0.21251310122288392,0.09553516188756002,0.2007673285700321,0.7874868987771161,0.9365142063888638,Blue,1.596435407521215,1.5354622458040732,0.543457484868408,1.6595869441798818,1.6021836350708245
1,7,Blue,1.3224476141199584,2.1395609088679164,0.3787326373723575,0.20841206741549398,0.933695662724843,0.9863345091616552,0.026894862563848976,0.06630433727515705,0.002887512473113866,0.013665490838344785,0.933695662724843,0.9990170973064996,Blue,1.744059567597161,1.7961185736579293,0.5903941419390751,1.7810881601190212,1.7521975342320888
1,8,Orange,-1.0714813292963028,-1.2382235998826172,0.04667922929844061,0.032589635365313105,0.10499066954353194,0.07752590184489541,0.39792436739627474,0.895009330456468,0.38778129344393264,0.9224740981551046,0.10499066954353194,0.00976236891202227,Orange,1.6914093082944062,1.7094703237951268,0.5716376564135437,1.7391419937411885,1.6999487829244646
1,9,Orange,0.36412844210762696,-0.5633909150025348,0.3259195027216595,0.11753323788755776,0.6744226413286895,0.24475549164663923,0.15733755709406816,0.32557735867131055,0.36267350679804866,0.7552445083533608,0.6744226413286895,0.40166678904486824,Orange,1.5413417580487903,1.4255224173542227,0.5296688968547154,1.6113363301198642,1.5436353741313429
1,10,Orange,-0.44013340668684764,-1.2769797109641297,0.141432791320761,0.029859362543439263,0.2931224916713417,0.0721609377782466,0.341071265308711,0.7068775083286583,0.38392908675856763,0.9278390622217534,0.2931224916713417,0.03124276452624493,Orange,1.5537246624026677,1.4507522864834372,0.5326290557046645,1.6223055735617542,1.5569013782203045
1,11,Orange,-0.6446916654165955,-0.4203738566899009,0.10316311832829667,0.1454868638027828,0.21595720676631833,0.3013773302902699,0.3745385517063912,0.7840427932336816,0.33725304122808974,0.6986226697097301,0.21595720676631833,0.10620255184873487,Orange,1.5942107481175878,1.5311419513989897,0.5428684032491855,1.6576669418430348,1.5998438915584048
1,12,Orange,-1.38950021374795,0.6075963749727007,0.022964765580193787,0.3693801916574491,0.05846955859796957,0.7712164564489696,0.3697997110271475,0.9415304414020305,0.10957767881933386,0.22878354355103037,0.05846955859796957,0.17310094885253555,Blue,1.7567647984644919,1.8158476443380218,0.5953460766498763,1.7909732468441484,1.764583019046509
1,13,Orange,-1.1171092333018071,-2.088749060204048,0.04242513498771028,0.003382555088719537,0.09671946794367553,0.015105165152524282,0.39621597718648516,0.9032805320563244,0.22055111624583487,0.9848948348474758,0.09671946794367553,0.0016395106871356993,Orange,1.7014938396885255,1.7266516667128178,0.5750299091380423,1.7472989350100334,1.7100697214336256
1,14,Orange,-1.1545448123332476,0.33799408670390596,0.03916506191138413,0.32043864768550656,0.09037295482684628,0.6628427119123051,0.39420642612310597,0.9096270451731537,0.16299225066598794,0.33715728808769485,0.09037295482684628,0.16340593634760178,Blue,1.7096192400815822,1.7402987824433664,0.577828399030348,1.753829107467943,1.7181859129311634
1,15,Blue,0.530656590572683,0.4777302709517933,0.35733550407860754,0.34808054733012295,0.7429414159379956,0.722212010060255,0.12363849523391704,0.25705858406200444,0.1338839485262699,0.27778798993974496,0.7429414159379956,0.8825469928924079,Blue,1.5705525312464652,1.4845647905061063,0.5367773403919763,1.6370985360133314,1.574832083972894
1,16,Orange,-2.4344132749306224,-1.1358189213463374,0.0010955094150021558,0.040770366791229334,0.007623805949230412,0.09349930085325943,0.14260035880325206,0.9923761940507696,0.39527959742417756,0.9065006991467406,0.007623805949230412,0.0007917566584304017,Orange,1.872268267552547,1.9706354720214718,0.6513188322919437,1.8776694102963924,1.8736292529379128
1,17,Orange,0.3055381776719299,-1.0504973691424813,0.3134619980680936,0.0487422892326639,0.6481862941708246,0.1090001754899521,0.1701366230182743,0.35181370582917537,0.39843395625106093,0.8909998245100479,0.6481862941708246,0.18393397800926695,Orange,1.5330803637695538,1.408530038836082,0.5277358717976433,1.603979499414692,1.534751976500165
1,18,Orange,-1.326974546155305,-1.1111767838042925,0.026613310265305782,0.04296058380200183,0.06574602609574437,0.09776101407675994,0.37817633019979935,0.9342539739042557,0.39648436475663384,0.90223898592324,0.06574602609574437,0.007567451771990453,Orange,1.744937389305494,1.7974970552590697,0.5907304427639399,1.7817740754052709,1.7530560822938066
1,19,Blue,-0.19650666847564824,1.0981030855154523,0.19500060125619914,0.39702713881394863,0.4029921121275615,0.8999083060877834,0.2888813294017252,0.5970078878724385,0.04415907552378168,0.10009169391221662,0.4029921121275615,0.8585371524254294,Blue,1.5211217031990427,1.3837114588281265,0.5249951667750699,1.5932766466444395,1.521847498735771
1,20,Orange,-0.3753951874329817,0.059438538728392665,0.1549280452546901,0.25633593095806484,0.32064910649295797,0.5296843199556545,0.32824200611138976,0.679350893507042,0.227605015187982,0.47031568004434554,0.32064910649295797,0.347076830098515,Blue,1.5430639944960147,1.429048780679812,0.5300760460588388,1.6128661308662713,1.5454839941757892
1,21,Blue,0.9494196123039482,1.5943300326370706,0.398432284559328,0.3343547823861184,0.8697600923596158,0.9604052982251968,0.059662180867800334,0.13023990764038418,0.013784469869150336,0.039594701774803176,0.8697600923596158,0.9938644389288169,Blue,1.6636821815021874,1.6608856754845338,0.5627428095849273,1.7164198763950387,1.6718544312661012
1,22,Orange,0.2860694846618126,-0.1273069114994977,0.3091938280272301,0.21132691812229998,0.6392565845204218,0.43668820771897415,0.17448336124910901,0.3607434154795782,0.27260398357563886,0.5633117922810258,0.6392565845204218,0.578720993221785,Orange,1.5306067832240844,1.4034177828022525,0.5271634623840814,1.6017708389179945,1.532087133590057
1,23,Orange,-0.23879406942171777,0.34078843545914594,0.18521389984606976,0.3210307145038614,0.38282181263155557,0.6640905477364826,0.2985983954170732,0.6171781873684444,0.16238335545704616,0.3359094522635174,0.38282181263155557,0.5508210770901575,Blue,1.5252011000046155,1.3922067948628267,0.5259225817757933,1.5969347055175258,1.5262555063317413
1,24,Orange,0.29181014833883245,-0.9393699524586113,0.31045852351201686,0.060839475083062165,0.6419000104276417,0.13253367771644578,0.17319705908438413,0.35809998957235833,0.39820969740898543,0.8674663222835542,0.6419000104276417,0.21498752465366974,Orange,1.5313215272203289,1.4048961262883257,0.5273285624467889,1.6024093124148235,1.5328573792356504
1,25,Orange,-1.6502679730842387,-0.4775178044940428,0.011903786957312484,0.13392598739409345,0.035552807743584255,0.27787324880503134,0.3229160968382396,0.9644471922564157,0.34804191692929853,0.7221267511949687,0.035552807743584255,0.013986581536834262,Orange,1.7997799965699928,1.8789313726637407,0.6136177871341152,1.8237875875035485,1.8058702918772909
1,26,Blue,-0.12256586308469086,1.6255655162868736,0.21245701537099884,0.3280449488571744,0.4390221076702559,0.962713733456457,0.27147536903314307,0.5609778923297442,0.01270530478196898,0.037286266543542945,0.4390221076702559,0.9528444207524011,Blue,1.5158049607973787,1.3725946890483276,0.5237979193189259,1.5884982050523002,1.5160933140072916
1,27,Blue,1.4042170221590171,-1.1967316165071082,0.36764619360457756,0.035730399330043454,0.9431298860025977,0.08367251773889864,0.02216882451856239,0.05687011399740227,0.3912963030519825,0.9163274822611014,0.9431298860025977,0.6022791850793349,Orange,1.7594664413174934,1.819980492001337,0.5964231054828407,1.793063494999039,1.7672053677148425
1,28,Orange,-1.1458108587764653,-1.2807994875320374,0.03990751391971736,0.02960056931068856,0.09181922785884455,0.0716511099993278,0.39472382474790835,0.9081807721411554,0.383520306429635,0.9283488900006722,0.09181922785884455,0.007742786754521471,Orange,1.7077363835130357,1.7371521996922146,0.5771746041963637,1.752319260507394,1.71630827389058
1,29,Blue,0.6935529066996133,0.6432845448868798,0.38064296471247255,0.37435097299025555,0.8001298007594349,0.7835659059131393,0.0950835540988369,0.19987019924056515,0.10340204071954903,0.21643409408686065,0.8001298007594349,0.9354552726824477,Blue,1.6049535367648218,1.5519075111496765,0.5457400137365258,1.6669156840356754,1.611122561567432
1,30,Blue,0.9930145563752539,1.3529495914616585,0.39893254704211084,0.37485153417869277,0.8793224030421287,0.9373738451065797,0.05474922617548542,0.12067759695787128,0.025043914297440073,0.06262615489342027,0.8793224030421287,0.9909143179374131,Blue,1.6736847210398742,1.678635356562698,0.5658814450397219,1.7246662917285944,1.6820339717652055
1,31,Orange,-1.5366465961358131,-2.0679958795794304,0.015983049731936986,0.003605705266397562,0.044222425769721165,0.015735245942933768,0.3454410344005189,0.9557775742302789,0.22554262069394607,0.9842647540570663,0.044222425769721165,0.0007391391469493225,Orange,1.7823157494526944,1.8540323650121853,0.6058961720600824,1.8105816725570962,1.7892261978592265
1,32,Orange,-1.0114150130992765,-1.2756925989845578,0.05276887711380343,0.02994697576214818,0.11682667706643128,0.07233348162826941,0.39891628965506226,0.8831733229335688,0.38406566524481095,0.9276665183717305,0.11682667706643128,0.010209089946804447,Orange,1.6778777396162814,1.6860018850973018,0.5672202554423043,1.7281066327963759,1.6862863488163944
1,33,Orange,-1.4032411635534179,0.0870412830594498,0.022220886961602973,0.2629778837295148,0.05697488669553359,0.5434110667713167,0.36779106831175307,0.9430251133044664,0.22096125518423793,0.4565889332286833,0.05697488669553359,0.06708211238539857,Blue,1.7592882837095911,1.8197086363671007,0.5963518142641857,1.792925780907282,1.7670325611520428
1,34,Orange,-1.163874306733551,-2.023351374130802,0.038384001228645846,0.004130878020119068,0.08885075854663484,0.017179617151122217,0.3936213283431816,0.9111492414533652,0.23632139654347492,0.9828203828488777,0.08885075854663484,0.0017016541606304576,Orange,1.711621497740118,1.743634374040713,0.5785272285275032,1.7554324767621388,1.720180572892478
1,35,Blue,2.68086842063985,-0.5051531464524055,0.09714040654221405,0.12851861384113752,0.9953291705615642,0.2669199130248942,0.0004558554937991084,0.004670829438435775,0.35296893193500417,0.7330800869751057,0.9953291705615642,0.9872756342701362,Orange,1.8823525443247855,1.9817207700355086,0.6571112383403898,1.8853457454227498,1.8830500681952318
1,36,Blue,0.7135959476569036,1.8018720359949385,0.38291119872325535,0.2892575202067908,0.8064634034222131,0.9734997673076816,0.09189174595889447,0.19353659657778688,0.007874055907257586,0.026500232692318382,0.8064634034222131,0.9935097057808266,Blue,1.6094370431503267,1.5605009980553541,0.5469588984496662,1.6707584645715385,1.6158147730046561
1,37,Orange,-2.214644518115408,-0.23988193879440434,0.002274697455242358,0.1849643557148636,0.0117824813605215,0.3823078836497236,0.1907828925074273,0.9882175186394785,0.2988455881165087,0.6176921163502764,0.0117824813605215,0.007325416301397506,Orange,1.8591719805347686,1.9555791030312353,0.6437859750716367,1.8678989798368202,1.8614636697236744
1,38,Orange,-1.8346420624325857,-1.5268487390332632,0.007179422404161752,0.016384478779315585,0.024860893077722032,0.04505811096147882,0.28160434661479067,0.975139106922278,0.34724547440099063,0.9549418890385212,0.024860893077722032,0.0012015008130099739,Orange,1.823956389908524,1.9116927131982027,0.6251031085483635,1.8418435529608541,1.8286616173271044
1,39,Blue,1.7048181756406042,0.34049025637944197,0.31119894911564566,0.32096760364487537,0.9680043415221292,0.6639575025467835,0.010286126691249823,0.03199565847787078,0.16244828127805983,0.33604249745321646,0.9680043415221292,0.9835463408859847,Blue,1.8074620752285484,1.8895612585140675,0.6171611277181036,1.8295506658227916,1.8131423453479727
1,40,Orange,-0.13458354093364355,-1.9340331215347504,0.2095949461127512,0.005389979419537484,0.4331115866375791,0.02047092681778553,0.2743333360648783,0.5668884133624209,0.257909257958155,0.9795290731822145,0.4331115866375791,0.015716028566073705,Orange,1.516507123956059,1.374065719702376,0.5239552982067596,1.5891299756142527,1.5168538387989547
1,41,Blue,0.983831397783875,1.6120083657749005,0.39889013732632544,0.33080848934289003,0.877359852769402,0.9617281333699307,0.05575813050496592,0.12264014723059802,0.0131644879097613,0.03827186663006932,0.877359852769402,0.9944681156388067,Blue,1.671585110311707,1.674930109734882,0.5652162352852339,1.7229398994007206,1.6799013295728384
1,42,Blue,2.5968015287703383,0.7730547160479824,0.11148936270896471,0.38879984146183605,0.9944786874649039,0.8243511024533549,0.0006189852267463658,0.0055213125350961345,0.08284366129412211,0.17564889754664514,0.9944786874649039,0.9988184105763838,Blue,1.87937214874673,1.9784921105671744,0.6554284018637926,1.8830548014574613,1.8802567897734677
1,43,Blue,0.21979801007527533,1.9358761305153318,0.2942586590503522,0.2574652295064302,0.6081627662263852,0.9796028542322811,0.18958986866569028,0.3918372337736148,0.0053609029349731205,0.020397145767718894,0.6081627662263852,0.9867621422170416,Blue,1.5232779657821829,1.38820559913218,0.5254844151019208,1.5952111047614386,1.5241782208727854
1,44,Blue,2.5195160863736574,0.24728381857244397,0.12575708852903256,0.3005234900747451,0.9935617034486892,0.6211818590763967,0.000814908049061263,0.006438296551310785,0.18326959834798834,0.37881814092360333,0.9935617034486892,0.9960638168160361,Blue,1.8762294238729529,1.975044061350403,0.6536189951496731,1.8806612952575583,1.8773204966232122
1,45,Blue,2.050429653544769,-0.1698460524284413,0.22977843470471457,0.20124978592799095,0.9837112753762758,0.4158842704141947,0.003804772539527755,0.016288724623724216,0.2826583593056789,0.5841157295858053,0.9837112753762758,0.9772719962287957,Orange,1.8461522633704575,1.9399114145375105,0.6365891368286947,1.8582678190616524,1.8493729639530017
1,46,Blue,1.3204082302906521,1.0114151684368313,0.37898098365031,0.398916288947707,0.9334427069685777,0.8831733549884648,0.027022492322069686,0.06655729303142233,0.052768860626259996,0.11682664501153517,0.9334427069685777,0.9906561284226376,Blue,1.7436631787320274,1.7954953667826763,0.5902425590400868,1.7807782847211646,1.7518097116278162
1,47,Blue,1.2789328175946293,1.912721066270523,0.3837207165832177,0.2630349395543347,0.9281001611080092,0.9786566809617095,0.029726810594359818,0.07189983889199081,0.005736474028470127,0.021343319038290454,0.9281001611080092,0.9983133245337751,Blue,1.7354783948874646,1.7825249854089005,0.5871504809194356,1.774359829474933,1.7437827910394796
1,48,Blue,0.7434017104602306,0.9732325406801675,0.3860224022431458,0.3987993855495974,0.8155979987150411,0.8750606830911766,0.0872774376918671,0.18440200128495887,0.05693973432586916,0.12493931690882343,0.8155979987150411,0.9687282350822533,Blue,1.6161712448550707,1.5733262567359554,0.5488128351671645,1.6765110539165182,1.6228456618182252
1,49,Blue,1.031576512393865,1.2730782564663752,0.39874344205628576,0.3843412687836979,0.8872699270850419,0.9273148810450677,0.05066144577337633,0.11273007291495807,0.030125571595863387,0.07268511895493235,0.8872699270850419,0.9901395055913812,Blue,1.6824482062015356,1.693981008803212,0.5686955468034417,1.7318454782722503,1.6909114288774647
1,50,Blue,0.4935949045032716,0.7257493090894532,0.350932425646141,0.38421797126409113,0.7285324998056939,0.8102289656363991,0.13076526902051805,0.2714675001943061,0.08999115672271797,0.18977103436360088,0.7285324998056939,0.9197303123322654,Blue,1.5634190286932708,1.4702990735523898,0.5350007613845528,1.630843877685675,1.5672449809751445
2,1,Orange,-1.3459823750038176,-1.1753050162047385,0.025457237758539093,0.03744378677594445,0.0634491660814262,0.08701729602959987,0.37576533663856276,0.9365508339185737,0.3928590206476227,0.9129827039704002,0.0634491660814262,0.006415674604803835,Orange,1.7485919043078055,1.803211531227539,0.5921396844303038,1.7846249463126285,1.7566258647565183
2,2,Orange,-1.3314909095039875,-3.3153856261597903,0.0263348146626185,3.606401210556793e-05,0.06519337605849775,0.0013174074478709955,0.3776144245820001,0.9348066239415023,0.02733892325083226,0.998682592552129,0.06519337605849775,9.198867703135624e-05,Orange,1.7458103153344562,1.7988656055000365,0.5910657094275316,1.782455730665652,1.7539094277094323
2,3,Blue,-0.22159541575453456,2.3404608372736346,0.18917434797177074,0.16245468764851106,0.3909809211711846,0.9908146865363369,0.2946711230683464,0.6090190788288155,0.001506030592773537,0.009185313463663136,0.3909809211711846,0.9857652325745583,Blue,1.523453659101268,1.3885714160341809,0.5255243738780314,1.5953686361525268,1.524368053807604
2,4,Orange,-1.3698983794331436,0.866902660624058,0.024061368350622173,0.39542427204437447,0.060665484014772626,0.8498985156384062,0.37256232535901673,0.9393345159852273,0.06983630291656567,0.15010148436159376,0.060665484014772626,0.2677650652716832,Blue,1.7531172563833917,1.8102328661565197,0.5939055706650143,1.7881446686920324,1.7610362443006013
2,5,Blue,0.05991392195994638,0.18441065000236023,0.2564505423615039,0.28606634283176346,0.5299211670928027,0.5911741322843366,0.22749038751003842,0.4700788329071973,0.19782888737119528,0.4088258677156634,0.5299211670928027,0.6197881535817614,Blue,1.5131920838175108,1.3671130651280246,0.5232142392703123,1.586145413055406,1.513261694364683
2,6,Blue,1.1061160218030148,0.21295765837767988,0.39670242512001375,0.2926855785364402,0.9013425872327564,0.60489786314915,0.04342148640839172,0.0986574127672436,0.19117392298782396,0.39510213685085005,0.9013425872327564,0.9332766906927856,Blue,1.6990814416493465,1.722565959066684,0.5742103916325038,1.7453529068219673,1.707653412767457
2,7,Blue,0.24805339681994998,2.1307122429729803,0.300697536906016,0.21051599954484804,0.6215439780077527,0.9860939067933279,0.18309371125287982,0.37845602199224726,0.002968738667786897,0.013906093206672132,0.6215439780077527,0.9914863234654805,Blue,1.526191056624842,1.39426385690593,0.5261488037260724,1.5978213193169952,1.5273242805141578
2,8,Orange,0.8565426169743913,-0.5933493602186728,0.39485820880423933,0.11210496881311112,0.8472360251769698,0.23384988684260202,0.07119634632608784,0.15276397482303017,0.3672836266945956,0.766150113157398,0.8472360251769698,0.6286399300175625,Orange,1.6421941723084932,1.6219346475422372,0.556250571358179,1.698519290570665,1.6498208878213194
2,9,Orange,-1.175807191241448,-0.9515466529660519,0.03740290140362258,0.0594151697301208,0.0869375382391284,0.12975877359776664,0.3928243877651024,0.9130624617608716,0.3984742514068206,0.8702412264022333,0.0869375382391284,0.013998500089257493,Orange,1.714168637568988,1.7478619292311857,0.5794216126471072,1.7574688608844662,1.722714986980973
2,10,Orange,-1.1283417797339244,-0.6440100724352422,0.04142553093869429,0.10327880610092569,0.09477451190189443,0.21618811036397673,0.39567016185237824,0.9052254880981055,0.37444777158664616,0.7838118896360233,0.09477451190189443,0.028066690619870507,Orange,1.7039467212907224,1.730790075478041,0.5758684572370173,1.7492742219904347,1.7125234675870353
2,11,Blue,-0.2514019706588033,2.1134697355179517,0.18232910068538064,0.21462864878535218,0.3768819587917323,0.9856130100601985,0.30145394180866725,0.6231180412082677,0.0031329336964407944,0.014386989939801476,0.3768819587917323,0.9764347677448829,Blue,1.5265574421204255,1.3950247314375146,0.5262326449509694,1.598149348482726,1.5277197444088813
2,12,Orange,-0.3438373097613372,-1.2927918270612584,0.16172015257506478,0.02879983231295221,0.33455056519966603,0.07007201464918997,0.32167509285979845,0.6654494348003339,0.38220351127772817,0.92992798535081,0.33455056519966603,0.03650006870450954,Orange,1.5383462215443613,1.4193757054662726,0.5289641806587991,1.608672316981214,1.5404173050977237
2,13,Orange,0.4867428790134256,-0.7152978091072966,0.34970862566194943,0.09162401949006728,0.7258137378219814,0.193005896980589,0.13210731062957554,0.27418626217801856,0.3830973280099114,0.806994103019411,0.7258137378219814,0.3876716688963826,Orange,1.562135579906634,1.46772176079976,0.5346839716690951,1.6297160014322836,1.5658777360840337
2,14,Orange,0.15910921747708295,-0.8494557878447281,0.2801340088501125,0.07213745456379138,0.5788900098420717,0.15460747302234734,0.2037817680459796,0.42110999015792827,0.39444707174409577,0.8453925269776527,0.5788900098420717,0.20089770138150498,Orange,1.5181369959651057,1.3774769294125728,0.5243214708382747,1.5905956330064293,1.5186184899531021
2,15,Blue,3.9704947511768287,-1.095325261772917,0.0048399152603974226,0.044417021783233764,0.9996442724016704,0.10059322265569506,1.722304102802216e-06,0.00035572759832958045,0.3971338164403501,0.899406777344305,0.9996442724016704,0.9968283890371007,Orange,1.898579455989689,1.9985778697384669,0.6607397129728289,1.8986449629774387,1.898585445855296
2,16,Blue,1.2970275088156025,1.4405925941243607,0.3817263823093816,0.3620404075920579,0.9304779892793987,0.9469084779173587,0.028521239566130493,0.06952201072060127,0.020298980041616777,0.05309152208264134,0.9304779892793987,0.9958282542165294,Blue,1.7390778655846828,1.7882529641422786,0.5885014850477808,1.7771872243679419,1.747317302302726
2,17,Blue,-1.182420966757968,2.1046478262754356,0.0368677102766759,0.2167388853600002,0.08589326407551146,0.9853606650727287,0.3923593155383443,0.9141067359244885,0.0032200525624942705,0.014639334927271319,0.08589326407551146,0.8634745899740015,Blue,1.7155735508416112,1.7501861137292516,0.5799175259521925,1.758590469133327,1.7241114114507687
2,18,Blue,3.264631633370715,0.6968807279606886,0.030708470492546117,0.38102923300731195,0.9985420475848554,0.8011920592635299,4.483685872647011e-05,0.00145795241514457,0.09454866195779899,0.19880794073647012,0.9985420475848554,0.9996378264212825,Blue,1.894248346785939,1.9941968289486944,0.662327017479391,1.8948568713716738,1.8943519294439908
2,19,Blue,-0.3982091629789988,0.10957661162849763,0.15010308840213918,0.26837623031407104,0.3107921945267067,0.5545700722094505,0.33286621084530593,0.6892078054732933,0.21555942320008117,0.44542992779054946,0.3107921945267067,0.3595621359858684,Blue,1.5466757581902502,1.4364259336570429,0.5309346375792777,1.6160699652746444,1.5493570847238716
2,20,Blue,0.07766521701727402,-1.3192545670021927,0.2607249498939504,0.027094909597117647,0.5387547184777343,0.06670078471972558,0.22321503420611588,0.46124528152226574,0.37912084499961657,0.9332992152802744,0.5387547184777343,0.07704586131640039,Orange,1.5137522580076879,1.3682892830703013,0.5233391154432528,1.586650073981564,1.5138689725318675
2,21,Blue,3.132245600776496,1.2613567105759578,0.04108245294777942,0.38554699056920116,0.9981009320674706,0.9257188547200834,7.816681307086183e-05,0.0018990679325293636,0.030936900412777326,0.07428114527991658,0.9981009320674706,0.9998473491522439,Blue,1.8925510795184037,1.9924573052809447,0.6619359586822879,1.893443817253755,1.8927168537626429
2,22,Blue,1.426000503444232,0.7105149219140308,0.3643367332356039,0.3825716440986279,0.945422025251448,0.8054998126651383,0.021032682225923485,0.05457797474855197,0.09237774519150999,0.19450018733486174,0.945422025251448,0.986252166905625,Blue,1.7634066438279923,1.8259682228714516,0.5980095900869257,1.7961047186133454,1.7710228216165054
2,23,Orange,-0.22264902755153093,-1.5416181166704488,0.18893091582261365,0.015782558222130264,0.39047927538880023,0.04380406459556545,0.29491272897644805,0.6095207246111998,0.34451638590206474,0.9561959354044346,0.39047927538880023,0.02851115732273971,Orange,1.523557261146022,1.3887871032730534,0.5255479432855376,1.5954615222443564,1.5244799883001492
2,24,Blue,0.3094739908781525,2.2118207138865493,0.3143175124469099,0.1914376224974912,0.6499792456531556,0.9881515781981162,0.16926333193998494,0.35002075434684443,0.0022954309340234937,0.011848421801883835,0.6499792456531556,0.9935844186352512,Blue,1.5335973757763757,1.4095971517966355,0.5278558809091897,1.6044407965434235,1.5353086739877901
2,25,Orange,-0.37133613151421385,1.2862285196688243,0.15579411391593223,0.3829304435055605,0.32242007001538386,0.929067787657712,0.32740816908245157,0.6775799299846161,0.02923586835309588,0.07093221234228797,0.32242007001538386,0.8617360855658521,Blue,1.5424387606686785,1.4277692266135762,0.5299280680733236,1.6123109131353277,1.5448130104652833
2,26,Blue,2.0501213317131044,0.39764709047177116,0.2298528542641704,0.3327535852986379,0.9837013916991567,0.688966961953069,0.0038083524838889633,0.016298608300843287,0.15022107629522882,0.31103303804693105,0.9837013916991567,0.9925756408018689,Blue,1.8461248597341702,1.9398777285501994,0.6365743495074595,1.8582475738247772,1.8493474864562816
2,27,Orange,-1.2537374462871327,0.4756152625408372,0.03147364432064213,0.3476954904727563,0.07533582079847755,0.7213625792109725,0.38630429965150587,0.9246641792015224,0.13430274521763144,0.27863742078902753,0.07533582079847755,0.17418621652720206,Blue,1.7303944431844729,1.7743713734160245,0.5852653342415185,1.7703537358352937,1.7387786773061653
2,28,Blue,1.608138056876066,2.3282046036104687,0.33159050788883115,0.1651332974769943,0.9614422029326058,0.9905888947434262,0.013298146756667718,0.03855779706739415,0.0015688514702394557,0.009411105256573848,0.9614422029326058,0.9996191352597211,Blue,1.793536010696986,1.8701447611031365,0.610805538569711,1.8190833291009194,1.7999376990998823
2,29,Orange,0.8952340209772525,-2.194225515159265,0.3967588996747046,0.0024285112734305325,0.856984650244159,0.012267589578948326,0.06621193598923188,0.14301534975584096,0.19553305711796357,0.9877324104210516,0.856984650244159,0.06926834464869187,Orange,1.6511594915265644,1.6383198057929569,0.5589189878673471,1.706018286090462,1.6590408779788517
2,30,Orange,0.2889490258049021,-1.2914582612786791,0.3098288356183987,0.028887999428339833,0.6405836047608541,0.07024600949494646,0.1738376730398514,0.3594163952391459,0.38235243452710144,0.9297539905050536,0.6405836047608541,0.11867702087494995,Orange,1.530963759536983,1.4041562528938374,0.5272458907746368,1.6020897504563512,1.5324718539568694
2,31,Orange,-1.1680099031492377,-1.5853755762859953,0.038041713285002415,0.014107877235195333,0.08818342656485843,0.04028136675231343,0.3933512906716191,0.9118165734351416,0.3361254532757435,0.9597186332476866,0.08818342656485843,0.004042783107784439,Orange,1.7125060412566522,1.7451044792232955,0.5788371348232663,1.7561400715096864,1.7210610859876918
2,32,Blue,-0.03767461152132556,0.055642127300239874,0.23285884303112456,0.25542040888798867,0.4811716015910031,0.5277923873954602,0.2510825247910253,0.518828398408997,0.22852065390079548,0.4722076126045398,0.4811716015910031,0.5089827912672319,Blue,1.512693350422631,1.3660653921416714,0.5231031782455628,1.5856959912463973,1.5127209282245873
2,33,Blue,-0.6787487614103844,1.000014423239482,0.09748690329569557,0.3989422803599368,0.20464732142908065,0.8808001066398661,0.378878497506675,0.7953526785709193,0.05398940908075584,0.11919989336013392,0.20464732142908065,0.6553254454084775,Blue,1.6016687019017306,1.5455840598097368,0.5448546970759259,1.664093826011413,1.6076792043177597
2,34,Blue,0.83287954808784,1.6487832887306046,0.393409920531768,0.3232276481185424,0.8410095791842692,0.9643452356150269,0.07437300402582497,0.15899042081573078,0.011950705215052593,0.03565476438497306,0.8410095791842692,0.9930588721493997,Blue,1.6367157675731332,1.611829741073524,0.5546474198821572,1.6939157124224087,1.6441681020602474
2,35,Blue,-0.17587471189408888,0.6301359758068683,0.19983181279569498,0.37256705967174303,0.4129582547537116,0.7790729191832539,0.28407136747824024,0.5870417452462884,0.1056514106382327,0.22092708081674606,0.4129582547537116,0.7126977311254244,Blue,1.5194012960909882,1.3801197701591066,0.5246063459675132,1.5917317614751427,1.5199866721614028
2,36,Blue,0.5033895838074911,-0.12570618893722663,0.35266048422446145,0.2117083317721729,0.7323893542772173,0.4374758953647972,0.12886001052999344,0.2676106457227827,0.2722230893993549,0.5625241046352027,0.7323893542772173,0.6803469695627092,Orange,1.5652733693796619,1.4740170902971075,0.5354599887355408,1.632472077597778,1.5692192187668823
2,37,Orange,-1.2713967939527173,-0.9008766946594077,0.03024089199266151,0.06550658301441127,0.07291211278473186,0.14163775998014466,0.3845172440381201,0.9270878872152681,0.39698719705944924,0.8583622400198554,0.07291211278473186,0.01281113097634702,Orange,1.7339664569324933,1.7801078640345618,0.5865870566192283,1.7731699870214228,1.7422960520473425
2,38,Blue,-0.3794646871363241,1.1413769085722247,0.1540620331932421,0.3949752207436234,0.31887875576244523,0.9074386100617605,0.32907467757595554,0.6811212442375547,0.0402886267101909,0.09256138993823948,0.31887875576244523,0.8211009590258525,Blue,1.54369617152974,1.4303417979539261,0.5302258627110176,1.613427334362578,1.5461622759994826
2,39,Blue,0.02209087114365904,2.3417055467198655,0.24731519435614205,0.16218373492054758,0.5110436391740486,0.9908373149369291,0.23662624507915583,0.4889563608259514,0.0014997805018315956,0.009162685063070941,0.5110436391740486,0.991229852615395,Blue,1.5124790544348974,1.365615093276205,0.5230554917462928,1.5855028508457816,1.512488544067942
2,40,Blue,0.361429716057346,0.33355569884639513,0.32535950558696186,0.31949535728012884,0.6732363724618098,0.6608560513835543,0.157917273410029,0.3267636275381902,0.16396145091772316,0.3391439486164457,0.6732363724618098,0.8005875862554354,Blue,1.540935409546174,1.4246895892451235,0.5295730448594388,1.6109751900532312,1.5431990402196845
2,41,Orange,-3.143685821173569,-1.0003000683895473,7.455267574081045e-05,0.053958571840062294,0.0018561894848730274,0.11913992590836138,0.040089814350565356,0.998143810515127,0.3989422624408445,0.8808600740916386,0.0018561894848730274,0.0002514608437019493,Orange,1.8927151325179308,1.992626027060048,0.661984112410665,1.8935792013016033,1.892874439565061
2,42,Blue,1.666203889325049,0.1780647219860133,0.31954654204202165,0.28458385211175213,0.9655240082981791,0.5881031597413683,0.011410056960887123,0.03447599170182092,0.19931739446020022,0.4118968402586317,0.9655240082981791,0.9756016112503962,Blue,1.8020709872100222,1.8821224675465753,0.6146646819186933,1.8255090519894142,1.8080420706264544
2,43,Orange,-0.029886140034923403,0.26759530614647664,0.2347412902255404,0.30509049209275696,0.48506137735085353,0.6306929240501858,0.24920012664745841,0.5149386226491465,0.17864807616883993,0.36930707594981416,0.48506137735085353,0.6166653985595772,Blue,1.5125722996489688,1.3658110387957656,0.5230762387327667,1.5855868931773085,1.5125896619008552
2,44,Orange,-2.69151048040446,-2.6601079528341147,0.00043831911199151806,0.0004919499145227405,0.004572915265243134,0.00486788524409388,0.09541281447952789,0.9954270847347568,0.10056834420798451,0.9951321147559061,0.004572915265243134,2.2471575954141553e-05,Orange,1.882699895713255,1.9820944120640605,0.657304011807267,1.8856143320053815,1.8833762772112563
2,45,Orange,0.18127537520189296,-0.904775858520385,0.28533437556614927,0.06502235996327713,0.5896577582617379,0.14069231351224148,0.1985639053744616,0.41034224173826206,0.39713764252768763,0.8593076864877585,0.5896577582617379,0.19046354931932588,Orange,1.5198342060038392,1.381024052534336,0.5247040581126013,1.5921206251624627,1.5204550181889651
2,46,Orange,-1.4312743741992402,-2.1847224588244023,0.02076500679795948,0.0025032457151941867,0.05403626957951681,0.012500036226714197,0.36351405168521056,0.9459637304204832,0.1977558311220734,0.9874999637732857,0.05403626957951681,0.0007225553856318019,Orange,1.7643499702212402,1.8273946989559915,0.5983922160856565,1.7968315426919665,1.771935511543631
2,47,Orange,1.2673971032014864,-0.24997193008920604,0.38493178638811854,0.18265549410891302,0.9265453107443413,0.3775538619553183,0.030516634670623963,0.07345468925565868,0.3011310924272602,0.6224461380446817,0.9265453107443413,0.8844078570094017,Orange,1.733160976124,1.7788174767150606,0.5862878637231744,1.7725355672835228,1.7415034924892465
2,48,Orange,-0.34563663804452194,-0.46578162562583236,0.16132932375050857,0.1362591869963421,0.3337498865240091,0.2826076723693443,0.3220545821760121,0.6662501134759908,0.3458904512422931,0.7173923276306557,0.3337498865240091,0.1648140498117507,Orange,1.5386062324938936,1.419909899153709,0.529025176786072,1.6089037117677152,1.5406967676872223
2,49,Orange,0.3863792345074779,-0.9509690502764927,0.33048177824070885,0.05948217145322286,0.6841173036758377,0.12988927684839052,0.15259587008801176,0.3158826963241623,0.39846303308164954,0.8701107231516094,0.6841173036758377,0.2443125287723924,Orange,1.544782438156806,1.432561827730578,0.5304837518315106,1.6143912244021938,1.5473274040056335
2,50,Orange,-1.0490127994738332,-0.3810740378801879,0.04889083812762837,0.1537201892336604,0.1092888706843921,0.3181800775027145,0.3984633876179821,0.8907111293156079,0.32940304852577784,0.6818199224972855,0.1092888706843921,0.054157803351325154,Orange,1.686378499898933,1.7007999744780247,0.5699777576015537,1.735051261889841,1.6948802147631925
3,1,Orange,-0.24133920101187678,-0.7176766894690749,0.18463026169205374,0.09125065230680209,0.38161985937531556,0.1922659359498873,0.2991764825226742,0.6183801406246845,0.38335579243849016,0.8077340640501127,0.38161985937531556,0.12808120910791468,Orange,1.5254698079609574,1.3927653267256717,0.5259839409709002,1.5971754051464635,1.5265456439819751
3,2,Orange,-0.717897783681543,-0.6709332705453256,0.0912160025448589,0.09877136634916245,0.19219727354434332,0.2072032741364764,0.38337971290275774,0.8078027264556567,0.3779168846487718,0.7927967258635236,0.19219727354434332,0.05854327777495417,Orange,1.6104043305909919,1.562349280295643,0.5472234716974345,1.6715861804816132,1.6168259201409305
3,3,Orange,-1.4944447749906424,-1.485509374290153,0.01777315864713684,0.01817302443972517,0.04793033760779688,0.048752456142107,0.35303913966318556,0.9520696623922031,0.3545881834623586,0.951247543857893,0.04793033760779688,0.0025735085301738614,Orange,1.775323468964733,1.8437858245343857,0.6029254424599871,1.8052507255699215,1.7825172768251656
3,4,Blue,1.2842405819113305,-0.5768167917727756,0.38314763756507614,0.1150815662133023,0.9288053267554139,0.2398260201445431,0.02936898623974397,0.07119467324458606,0.3647728138241209,0.7601739798554569,0.9288053267554139,0.8045294085801774,Orange,1.7365387724017116,1.7842162858272064,0.5875470567009266,1.775193529030919,1.7448247594177575
3,5,Orange,-2.0167767478189833,-2.3211358743303014,0.00421371959841198,0.0016061580098604654,0.01740305071592011,0.009543820487909464,0.2379116219405469,0.9825969492840799,0.16668682401921453,0.9904561795120905,0.01740305071592011,0.0001706329342866826,Orange,1.8430917834037839,1.936131283776922,0.6349471370636492,1.8560068316818816,1.8465264733797366
3,6,Orange,-2.119802638945674,-1.4061434999460762,0.003071704111548534,0.022066342296470323,0.014208489030469817,0.0566638097324279,0.21311624556848618,0.9857915109695302,0.36735933170373847,0.9433361902675721,0.014208489030469817,0.0008650202227947745,Orange,1.8520279152704189,1.9470659471643275,0.6397950687906958,1.862609979184155,1.8548321238274188
3,7,Blue,0.3152043748711596,0.20917668044452453,0.31555854320572063,0.2918138165646537,0.6525821391779689,0.6030891565236228,0.1679952108139907,0.3474178608220311,0.19205131914223153,0.3969108434763772,0.6525821391779689,0.7405371196054055,Blue,1.5343601635234285,1.4111706481414343,0.528033172701562,1.605121166761284,1.5361298285763008
3,8,Orange,-1.4166464789462931,-1.5265568818894475,0.021514489613995217,0.016396565744294704,0.055551378434168436,0.04508323361916045,0.36577544306501325,0.9444486215658315,0.34729885776512576,0.9549167663808396,0.055551378434168436,0.0027692470739110763,Orange,1.7617233113915138,1.8234159477229466,0.5973295116367904,1.7948065029491633,1.7693929603096663
3,9,Orange,-2.17047622256512,-1.4792284923050367,0.0026191687772721445,0.018458588937828604,0.012856670745886303,0.04933832946203523,0.20110143891661234,0.9871433292541137,0.35566410915700836,0.9506616705379648,0.012856670745886303,0.0006754812627819866,Orange,1.8559677632645637,1.9517863913090088,0.6419837396298153,1.8655248281831893,1.8584897794064108
3,10,Blue,0.9044970964135862,1.9872150428421582,0.3971270852655895,0.24506414077685815,0.8592402694295249,0.9815565455038243,0.0650568921325531,0.14075973057047508,0.004604756954417123,0.018443454496175682,0.8592402694295249,0.9969312890991215,Blue,1.6533045747960742,1.6422119973471219,0.5595658844366497,1.7078060981158276,1.6612411864557184
3,11,Orange,0.18640620649898976,-0.7182932947293803,0.2865317400019818,0.09115403997573276,0.5921383813613275,0.19207449134714866,0.19736146641920083,0.40786161863867254,0.38342246071630426,0.8079255086528514,0.5921383813613275,0.25658886555616156,Orange,1.5202569696285244,1.3819068180722116,0.5247995629529901,1.5925002965617079,1.5209123212082112
3,12,Orange,-1.3511900230952694,-2.7609200913336656,0.02514777650833515,0.00033842823400107605,0.06283306096895105,0.0039825590329275,0.37508382323438494,0.937166939031049,0.08463915306560472,0.9960174409670725,0.06283306096895105,0.0002680094614281367,Orange,1.7495842450358463,1.804756416741486,0.5925249257632991,1.78539775906506,1.7575939458123737
3,13,Blue,0.20583899528708816,-0.1636548161643001,0.29104296289085707,0.20270880278896816,0.6014901611788795,0.41889537468188154,0.19282690178063278,0.39850983882112045,0.2812039234924088,0.5811046253181185,0.6014901611788795,0.5210795873010639,Orange,1.5219586753896546,1.3854568889657743,0.5251848182592246,1.5940277636437525,1.5227523920031378
3,14,Blue,1.7353829191437802,1.1534266296468836,0.30442438369226604,0.3942743080722072,0.9698444244478441,0.9094430347375172,0.009465531038730329,0.030155575552155867,0.03925950659492293,0.0905569652624828,0.9698444244478441,0.996913478013457,Blue,1.8115697487832112,1.8951620976828163,0.61909515883724,1.832621768725711,1.8170189484575292
3,15,Orange,-0.2909066511748525,-1.9093868279788717,0.1733992527182338,0.005792424182721973,0.3585154596346137,0.021483054226352747,0.310259814299284,0.6414845403653864,0.2638351679506417,0.9785169457736472,0.3585154596346137,0.012121404453012555,Orange,1.5312082195366328,1.4046618282223065,0.5273023731511959,1.6023081108977113,1.532735285713027
3,16,Orange,0.4506447083025664,-0.021091013644706447,0.34306540959722803,0.23686806934444993,0.7112144060427446,0.48945605655508284,0.13930025493714523,0.28878559395725545,0.24707337171481103,0.5105439434449172,0.7112144060427446,0.7024741286617305,Orange,1.5555709473700399,1.454488997606625,0.5330770174481011,1.6239350564217323,1.558874191459142
3,17,Blue,0.5313981004184224,0.4988820084534218,0.3574597883370943,0.35186835882940304,0.743224540192482,0.7306187306101866,0.12349821157571614,0.25677545980751804,0.12973489617548192,0.26938126938981344,0.743224540192482,0.8870103288082106,Blue,1.5706984061542764,1.484855460873639,0.5368139528439961,1.637226187466791,1.5749870185715966
3,18,Orange,-2.1947576684826395,-1.6516231697246182,0.002424386410107908,0.011861098703146809,0.012254699965497039,0.03545998849616494,0.19540880550268788,0.987745300034503,0.32263135902648854,0.9645400115038351,0.012254699965497039,0.00045590883612798384,Orange,1.857755104852615,1.9539071694288508,0.6429866530534,1.8668486681027376,1.8601486833710343
3,19,Blue,1.3369980702418358,0.23609721886207058,0.3769199746579913,0.2979849602470978,0.9354746658624513,0.6159030186834858,0.025998445704032935,0.06452533413754868,0.18583302928646714,0.38409698131651415,0.9354746658624513,0.9587583572895447,Blue,1.7468708794276973,1.8005253128704346,0.5914741775255066,1.7832833271039918,1.7549456460014519
3,20,Blue,1.7291315660837512,0.5935381576324654,0.3058211106997625,0.3673118192802792,0.9694766117330953,0.7662177578024854,0.009628593809413923,0.030523388266904705,0.11207124844413703,0.23378224219751464,0.9694766117330953,0.9904851340717205,Blue,1.8107410103571984,1.8940368161971164,0.6187026937269261,1.8320027223278001,1.816237478640602
3,21,Blue,2.0803545625249944,0.5608657766975482,0.22256824093021665,0.36227272521277054,0.9846430209014501,0.7543097605501906,0.003471284263851464,0.015356979098549939,0.11799777393671712,0.2456902394498094,0.9846430209014501,0.9949456591752436,Blue,1.8487570356364191,1.9430999267136133,0.63800170346374,1.8601923426576528,1.8517939060418913
3,22,Orange,-1.8913224422835817,-1.2636906005834174,0.006103998285807573,0.03077396924316948,0.022255811930495226,0.0739608097310532,0.2681613623701112,0.9777441880695048,0.3853108377657607,0.9260391902689468,0.022255811930495226,0.001814686740344552,Orange,1.8303945228689809,1.9200670080072024,0.6283358649230842,1.8466172140536687,1.8346871099017656
3,23,Blue,2.04614469553185,0.6082013301962822,0.23081289034349856,0.36946782037497167,0.9835733854057207,0.771429864969427,0.0038547956353051603,0.0164266145942793,0.10947114368706173,0.228570135030573,0.9835733854057207,0.9950759713051298,Blue,1.8457703711468163,1.9394417087862388,0.6363832015823173,1.8579856868274995,1.8490178984256027
3,24,Blue,0.8123642166628784,0.5674911651163356,0.391980914922559,0.3633202946589028,0.835446206647,0.7567571980590484,0.07720658249363571,0.16455379335300002,0.11678124331226772,0.2432428019409516,0.835446206647,0.9404594401528242,Blue,1.6319755910195952,1.6030306682043909,0.5532766827226595,1.6899196200489761,1.6392656964537478
3,25,Orange,-1.1110864542517345,-1.0377069753984225,0.04296877706232624,0.05003345526533887,0.09777695005400569,0.11150952135053833,0.3964883448727828,0.9022230499459943,0.39865876993088495,0.8884904786494616,0.09777695005400569,0.013418827340779803,Orange,1.700173593444538,1.7244175704248625,0.5745807733152445,1.7462343318365483,1.7087477103401993
3,26,Blue,2.9514660882354877,0.9053526451348348,0.059424511871069056,0.39715938945457674,0.9972760163065353,0.8594470933704316,0.00016231354076717196,0.0027239836934647155,0.06495095162187683,0.14055290662956843,0.9972760163065353,0.9995535057611702,Blue,1.889433496850237,1.9892269958281747,0.6607479405683608,1.890910184094164,1.8897377199882381
3,27,Orange,0.6367435852432484,-0.8861849639611252,0.3734705431321002,0.06735451150898847,0.7813391095531331,0.14524785278002442,0.10451723268229247,0.21866089044686687,0.39636670859741696,0.8547521472199756,0.7813391095531331,0.3778032608478562,Orange,1.5924921821765352,1.5277973760738754,0.5424153015056757,1.6561820439235921,1.5980349645372431
3,28,Orange,-3.8212234626890877,0.8331849214162754,3.5768201740318755e-06,0.3934299800323502,0.0004794233819838195,0.8410912266191263,0.007457094286919766,0.9995205766180162,0.07433138470544683,0.15890877338087372,0.0004794233819838195,0.002532337141087783,Blue,1.8980874867912378,1.998084041437703,0.6613516330542394,1.8981949932793467,1.8980989503095202
3,29,Blue,-0.2764490116729763,-0.28185495593364407,0.17664740896482486,0.17543010154076397,0.36519230715793616,0.3626894930077474,0.3070632429368031,0.6348076928420638,0.3082621611877199,0.6373105069922527,0.36519230715793616,0.2466410186810718,Orange,1.5294368147159996,1.400995860173523,0.5268937304639639,1.6007252307212123,1.530825900986338
3,30,Blue,2.4953860329150386,2.1466654565023178,0.1304157014398634,0.20672634446137125,0.9932455211406752,0.9865247123610276,0.0008868805139820002,0.006754478859324786,0.0028237477675580208,0.013475287638972433,0.9932455211406752,0.9999071194095752,Blue,1.875162027382356,1.9738629191522632,0.6530002609036254,1.8798526393774582,1.876324909012776
3,31,Orange,0.5526284672294124,-0.5734111983775774,0.3609524028613673,0.11570054517827887,0.7512438003562767,0.24106996377952428,0.11952065087988953,0.2487561996437233,0.364245373277557,0.7589300362204757,0.7512438003562767,0.4896101302536551,Orange,1.5749242087609905,1.4932573206981958,0.5378795471825375,1.6409196710406018,1.5794714776409018
3,32,Orange,-1.7509134429543274,-2.7551679843571337,0.009070744644342493,0.00034582356919639644,0.029260294996600836,0.00402845416314276,0.3009310733618068,0.9707397050033991,0.08549940519383997,0.9959715458368572,0.029260294996600836,0.00012190301784318659,Orange,1.8136033936016236,1.897913284237124,0.6200631583032947,1.8341396861274468,1.8189352292951069
3,33,Blue,-0.010102346828515296,1.410573312595158,0.2395263352852461,0.36669539728107725,0.49494899841528894,0.9438079081216795,0.2444151133330024,0.5050510015847111,0.02183217716026913,0.05619209187832053,0.49494899841528894,0.942726703086631,Blue,1.5123902053448317,1.3654283715655642,0.5230357265172761,1.5854227673069663,1.5123921906083502
3,34,Orange,-0.6668359971400124,-0.9671628165697714,0.09944906714314841,0.05762473901773204,0.208552622965765,0.12627257048903884,0.3774045237103864,0.791447377034235,0.3987272525078875,0.8737274295109612,0.208552622965765,0.03668552590514709,Orange,1.5990435522495834,1.5405139711048559,0.544151800284679,1.6618347754761849,1.6049239782797455
3,35,Orange,-1.517924218887639,0.4190379986186632,0.016757493975629985,0.33699170717253746,0.04583238403745095,0.6980598441177835,0.3488681292068115,0.9541676159625491,0.14576304517743002,0.30194015588221645,0.04583238403745095,0.09995070311625658,Blue,1.779247402971813,1.849555185108593,0.6045844327415113,1.8082455271590012,1.7862854092371874
3,36,Orange,-0.6027183557830157,-0.2826072551987674,0.11043903859456387,0.1752609594819866,0.23050946800507638,0.3623417832411326,0.36866943165765037,0.7694905319949237,0.308428660617259,0.6376582167588674,0.23050946800507638,0.14546136182279476,Orange,1.585241188494991,1.5136181660184649,0.5405222210802688,1.6499009064498744,1.5903888363405712
3,37,Orange,-1.1371100127417815,-0.6236190397513639,0.040658061958692204,0.10677751307832473,0.0932806719248703,0.22317860662952865,0.395209959998084,0.9067193280751297,0.3716622204198458,0.7768213933704713,0.0932806719248703,0.028707810653533585,Orange,1.7058527519729787,1.733994758516185,0.5765237705673527,1.750806765079669,1.7144279973577805
3,38,Blue,1.2401069460640726,0.6438985899464063,0.38760666405894995,0.3744329089796546,0.9227430472517743,0.7837741056488466,0.03245249023472616,0.07725695274822575,0.10329773596131432,0.21622589435115336,0.9227430472517743,0.9774235129393495,Blue,1.7276099895143782,1.7698745338087605,0.5842440536267014,1.7681533408834973,1.7360320545877763
3,39,Orange,-0.544439396349605,0.4633244440809139,0.12104594947996332,0.34543566573984635,0.25182946782983584,0.7163949232632583,0.3596203939908314,0.7481705321701642,0.13675042257907785,0.28360507673674173,0.25182946782983584,0.4595312415173829,Blue,1.5732831176088162,1.4899987075204382,0.5374645765490246,1.6394863202322443,1.577730809298132
3,40,Blue,0.32156473659753193,0.2997155983451423,0.3169295604690522,0.3121917630537025,0.6554605392852536,0.645526162213718,0.16659239314031035,0.3445394607147464,0.17143195559326296,0.35447383778628205,0.6554605392852536,0.7760094213905306,Blue,1.5352206281670044,1.412944348067223,0.5282335013740199,1.6058883491073925,1.5370558700960681
3,41,Blue,1.0052942194927676,0.12859215056905238,0.39893668951188616,0.272909687586579,0.8819043213490342,0.5639440051194013,0.0534215537288765,0.11809567865096582,0.2110207826536305,0.43605599488059865,0.8819043213490342,0.9061725888388367,Blue,1.6764851390075624,1.6835601847890165,0.5667740636162474,1.7269651014267058,1.684875012992113
3,42,Orange,-0.7085190761640274,0.01025302222437463,0.09269347010804217,0.24445156857830327,0.195126327823661,0.505126331479162,0.3823499089269533,0.804873672176339,0.23948988001432006,0.49487366852083803,0.195126327823661,0.1983669902836258,Blue,1.6082976795414226,1.5583213102433038,0.5466479931206938,1.6697828909446104,1.6146232147547144
3,43,Orange,-1.553488006619253,-0.902006404994878,0.015312450349273764,0.06536602077675868,0.042820416634951834,0.14136328986457022,0.34228449878398376,0.9571795833650482,0.3970314010672084,0.8586367101354297,0.042820416634951834,0.0073113522615927,Orange,1.7850297911954733,1.8579673299298238,0.6070672611868184,1.8126439785119794,1.791823244125056
3,44,Blue,1.0860410991927283,0.21258609292098363,0.3974683110955977,0.29259997854092734,0.8977143193189253,0.6047202436698839,0.04528758857318281,0.10228568068107469,0.19126008998467234,0.39527975633011614,0.8977143193189253,0.9306846673226618,Blue,1.6946473344755064,1.7150161517229061,0.5727173145325354,1.7417673825160043,1.7032042349684577
3,45,Blue,-0.24681511234868614,1.1906832406539836,0.1833767507121812,0.3917550204683248,0.3790387531382257,0.9153953238608493,0.3004174502604787,0.6209612468617742,0.03620764250009134,0.08460467613915068,0.3790387531382257,0.8684972044599808,Blue,1.526056692166041,1.3939847606963691,0.5261180723606181,1.597701006514726,1.5271792396524968
3,46,Blue,0.5781830831440818,2.351549337897131,0.3649834427061017,0.16004802707204993,0.7606718014150566,0.9910143368354967,0.11483379519746346,0.23932819858494336,0.0014511774531991177,0.008985663164503332,0.7606718014150566,0.9971553451891079,Blue,1.5801302274587963,1.5035586240761591,0.53920569300162,1.645458106484315,1.5849860059891685
3,47,Blue,0.11211996801655244,3.090866267603147,0.2689838310514833,0.04483351091418402,0.5558262513165602,0.9979374191614894,0.2149512663181599,0.44417374868343984,9.266386725177127e-05,0.0020625808385106303,0.5558262513165602,0.9983510602477271,Blue,1.5152467075242047,1.3714245269184682,0.5236729547546685,1.587995766068866,1.5154885328434982
3,48,Blue,1.5275379711865598,-0.2989962468509533,0.3471193226881597,0.17159226685846254,0.9550011642498535,0.35480311376067275,0.01635596475907542,0.044998835750146515,0.3120344551274319,0.6451968862393272,0.9550011642498535,0.9210779090170036,Orange,1.7808296928787508,1.8518677513511552,0.6052592666407791,1.809450850010252,1.787802545807265
3,49,Blue,2.240007017599008,-0.19217432008341295,0.18493567167431096,0.1960122076156518,0.988793749198632,0.4050784875689754,0.0020959229572207194,0.011206250801367945,0.28787477634144,0.5949215124310245,0.988793749198632,0.9836278418079476,Orange,1.8609190681885912,1.9576293287649515,0.644776615774541,1.8691953213593342,1.8630851389537577
3,50,Blue,1.2510178198159638,1.0020694849578762,0.38656953946698314,0.39894142611373307,0.9242844027273339,0.8812309588069173,0.031667031794321676,0.07571559727266608,0.053767846213526795,0.11876904119308274,0.9242844027273339,0.9890799499030261,Blue,1.7298407609456812,1.77347893560361,0.5850616294370519,1.7699165464507436,1.7382328495726596
4,1,Orange,-0.582535845691829,-1.9228714443062347,0.11404657234687933,0.005569069619615322,0.23774695417663003,0.020923376320094764,0.36565072910477414,0.76225304582337,0.2605958902997262,0.9790766236799052,0.23774695417663003,0.006621337199846843,Orange,1.581029211064454,1.5053319007332218,0.5394362061571352,1.6462404851572618,1.5859371212796787
4,2,Blue,1.871874953000987,1.138765422051264,0.27279859589462624,0.3951197267218906,0.9768819000453451,0.9069989782631637,0.006455831771567005,0.023118099954654858,0.04051442082534901,0.09300102173683633,0.9768819000453451,0.997579314151632,Blue,1.828236308435318,1.9172766299669608,0.6272434663210146,1.8450182110266355,1.832669063403459
4,3,Blue,0.5415097123238899,0.3387915391334111,0.35913920602028954,0.32060775580574924,0.7470649560288117,0.6631990522168575,0.12159436757600528,0.25293504397118827,0.1628183810894444,0.3368009477831425,0.7470649560288117,0.8532851033752229,Blue,1.5726993542627616,1.4888382613949986,0.5373173165468268,1.638976142675999,1.5771113572852524
4,4,Orange,-0.575418380261956,-0.8200849118300533,0.11533549273427163,0.07613150718516752,0.24033627851406986,0.16244195597163014,0.36455665441620366,0.7596637214859301,0.3925374812531618,0.8375580440283699,0.24033627851406986,0.05781210236321057,Orange,1.579561025460113,1.5024350023725355,0.5390599723339002,1.6449625318685674,1.5843836217026563
4,5,Orange,0.8498387077688969,0.6733666929993536,0.3944697819245277,0.3782185061312467,0.8454925988355227,0.7935950636487412,0.07208638009016263,0.15450740116447725,0.09837027756442994,0.20640493635125878,0.8454925988355227,0.9546273173950316,Blue,1.6406412970013453,1.6190774424905614,0.5557940670710066,1.6972160130883178,1.648220019293335
4,6,Orange,-0.5406252646749108,-1.9656895439207895,0.12176021290811118,0.004909438173532414,0.2532694385481274,0.019239193298403533,0.3589934603582105,0.7467305614518727,0.25026956530057887,0.9807608067015965,0.2532694385481274,0.00660940948614993,Orange,1.5725234721189474,1.488488496567855,0.5372729846685294,1.6388223992688258,1.5769246950362494
4,7,Blue,-0.9272787589223219,-0.057522742552347905,0.06227842380750504,0.2280670284706251,0.13533867968424423,0.4712703093007616,0.3978887948531579,0.8646613203157558,0.25587397941721585,0.5287296906992385,0.13533867968424423,0.12243153460839185,Orange,1.6585738842220623,1.6517262276353002,0.5611690922299775,1.7121871655377099,1.6666367031455516
4,8,Blue,1.0587110921682212,1.0626917837435972,0.3982552970850061,0.3981590768084568,0.8925850262942006,0.8933459574789876,0.04792661875831341,0.10741497370579944,0.0475350839756333,0.1066540425210124,0.8925850262942006,0.9858362691263636,Blue,1.688554853725901,1.7045588389308173,0.5706932442944966,1.7368226865640781,1.6970744946966867
4,9,Orange,-1.2191745614369733,-0.9349410243603711,0.03400300417200511,0.06136369428031586,0.0802947408733259,0.13355537106879162,0.3894743469243602,0.9197052591266741,0.39809887760463425,0.8664446289312084,0.0802947408733259,0.013278637232606192,Orange,1.7232886386105475,1.76285238337404,0.5826744480450881,1.7647296175376943,1.7317611792018917
4,10,Blue,2.386469211532135,-0.22047275505468322,0.15257683550105133,0.18943384730968688,0.9916153981914032,0.39151569619713184,0.0012901130954857869,0.008384601808596792,0.29441354156819133,0.6084843038028682,0.9916153981914032,0.9870291227566543,Orange,1.8697831168081762,1.9678345424097694,0.6498750685017853,1.875803447964068,1.8713174265649302
4,11,Orange,1.1512309154646791,-1.4771796444118968,0.3944062032322633,0.018552550083858345,0.9090807216297204,0.04953088334065316,0.039445482155153484,0.09091927837027958,0.35601274802038685,0.9504691166593469,0.9090807216297204,0.34256207700396635,Orange,1.708905781584453,1.7391075956687014,0.5775802791315022,1.7532572295392412,1.7174746510314833
4,12,Blue,-0.7292856492012321,1.4133824846988627,0.08944306856946094,0.3662712600078462,0.1886859386627496,0.9441051325254837,0.384588378624536,0.8113140613372504,0.02168474975143729,0.05589486747451633,0.1886859386627496,0.7970881571720068,Blue,1.6129727856501317,1.5672471689211014,0.5479287913264208,1.6737817123806196,1.6195088155054196
4,13,Blue,-1.3525508991468755,0.4465681728543933,0.02506741709748102,0.3422951416310784,0.06267298098445563,0.7095369799343118,0.374904256560396,0.9373270190155444,0.14012529776979363,0.29046302006568825,0.06267298098445563,0.14040075075145278,Blue,1.749842930646248,1.8051586609442563,0.5926255339500671,1.7855991260066564,1.7578462194902709
4,14,Orange,-2.453182801607559,-2.2051168510104766,0.0010269374413499955,0.0023453384772521087,0.007344983659398853,0.012006431755553526,0.13878786528266926,0.9926550163406012,0.1929948362726091,0.9879935682444465,0.007344983659398853,8.991109399514737e-05,Orange,1.8731899708032773,1.9716674536169416,0.6518546728095582,1.8783634697088405,1.8744873684458303
4,15,Orange,-2.24077442008416,-0.012591583091809744,0.0020907175341704377,0.2389240905459113,0.011189256885059408,0.49370454116130713,0.1847597190629278,0.9888107431149405,0.24501735747866352,0.5062954588386929,0.011189256885059408,0.01091403140504083,Orange,1.8609709007192796,1.9576899622215662,0.6448060884889558,1.869233804478674,1.8631332461644137
4,16,Orange,-1.3608036607413811,-2.465319446804237,0.024584589006859704,0.0009847153262914218,0.061710333275426604,0.007170106087578593,0.3738023212879421,0.9382896667245734,0.1363515129336127,0.9928298939124214,0.061710333275426604,0.0004747505364272111,Orange,1.7514060159871923,1.8075849534529158,0.5932350655358329,1.7868150629611437,1.7593697880210721
4,17,Blue,0.8687039071434991,1.57115786719416,0.395518441238383,0.33890034314847767,0.8503575103190619,0.9586048703337998,0.06960174225947408,0.14964248968093807,0.014634625884662928,0.04139512966620018,0.8503575103190619,0.9924581965059592,Blue,1.645012085464672,1.6271050803323428,0.5570832200296109,1.7008809773199391,1.652722975459786
4,18,Orange,0.33153190209516237,-1.8806875522016977,0.3190640756813559,0.0062942489982738,0.6599482933674516,0.022723386422454205,0.16440421855924253,0.34005170663254836,0.27070007223784764,0.9772766135775458,0.6599482933674516,0.04317696592081445,Orange,1.5365979327385282,1.4157805794179306,0.5285548976531094,1.6071156536189755,1.5385375566259516
4,19,Orange,-0.8661010899690893,-3.47867564243173,0.06994086552336908,1.7589537581767947e-05,0.15030611348791487,0.0009507090853508813,0.39538196067686104,0.8496938865120851,0.01848390356140983,0.9990492909146491,0.15030611348791487,0.00016830684506102881,Orange,1.6444089191525595,1.6259999269971328,0.5569045300347084,1.7003758230488695,1.6521021088590873
4,20,Orange,0.7553135964898186,-1.2295419861827925,0.38717664183604733,0.033227837772151804,0.8191541382139343,0.07877678857257048,0.08547755567583824,0.18084586178606565,0.38856947555119814,0.9212232114274295,0.8191541382139343,0.27919528198533233,Orange,1.618881717439685,1.5784602310197757,0.5495670178086293,1.6788198632249345,1.6256698068787174
4,21,Orange,-1.900045009929213,-1.9828884244109168,0.0059517554875714905,0.004664613918352371,0.021879344370749253,0.018600761101315935,0.2660744710171158,0.9781206556292508,0.24611081903005358,0.9813992388986841,0.021879344370749253,0.00042378227339113513,Orange,1.8313455243295245,1.9212911199191076,0.6288200515754105,1.8473214470525416,1.8355757812846283
4,22,Orange,0.9348662001226256,-0.2907623604670705,0.3980969385542824,0.17343155227754306,0.8664273109092985,0.3585818309112197,0.06137257901723489,0.13357268909070152,0.3102280682805396,0.6414181690887804,0.8664273109092985,0.7838436658077701,Orange,1.6603261205843833,1.654875223141594,0.5617067218864373,1.7136406718673054,1.6684279153577029
4,23,Blue,0.4371615983708791,-0.32682438374211964,0.3405027536392943,0.16543614228380146,0.7056444683621313,0.34216776761199025,0.14203876536337556,0.29435553163786865,0.31805809049677397,0.6578322323880097,0.7056444683621313,0.5549458124576866,Orange,1.553208235991407,1.4497059133682835,0.5325040663624936,1.6218495071742043,1.5563493195797067
4,24,Blue,1.435390687365812,1.168402757543296,0.3628662178455237,0.3933252986426939,0.9463830105038988,0.9118797295694263,0.02055805522158965,0.053616989496101164,0.03800932355404606,0.08812027043057369,0.9463830105038988,0.9945549417590169,Blue,1.76508335767855,1.8285018197642127,0.5986904451176884,1.7973962712647336,1.7726447475809113
4,25,Blue,1.2699210362485687,0.13260018297811071,0.38467086127673217,0.27386232715949427,0.9268881251004625,0.5659142245074775,0.030342397453968387,0.07311187489953752,0.21006671243628583,0.4340857754925225,0.9268881251004625,0.9429477005196728,Blue,1.7336695040447183,1.7796323588068277,0.586476676345294,1.7729361416724136,1.7420039034874129
4,26,Orange,-3.094529253403716,-2.5195839278638745,9.128505848675045e-05,0.00081471349545772,0.0020475564705205646,0.006437428666452681,0.04449115249623545,0.9979524435294794,0.12574412508296876,0.9935625713335473,0.0020475564705205646,1.329344294359654e-05,Orange,1.8919845040567782,1.9918736377031452,0.6617560671622629,1.8929780167193946,1.8921733013447297
4,27,Orange,0.5932500072032332,-0.4961030907154863,0.36726878620062153,0.13027590097954017,0.7661145102840167,0.27047653581355025,0.11212271633659886,0.23388548971598333,0.3513773433127643,0.7295234641864498,0.7661145102840167,0.5484212285040919,Orange,1.5832564320319877,1.5097180642482682,0.5400092358721734,1.648177128870626,1.588292040169771
4,28,Blue,-1.7712378003711708,-1.80905302702236,0.008575739879680216,0.007717012378002739,0.028127534903381605,0.026132231583427187,0.2963119763435146,0.9718724650966184,0.2875892783750914,0.9738677684165729,0.028127534903381605,0.0007760000633888835,Orange,1.8162107139073207,1.9014193543434568,0.6213145995903584,1.8360834508565622,1.8213892667907685
4,29,Orange,-1.2972571472663843,-1.9242955436831641,0.028506198231737723,0.005545931147842727,0.06949230656784494,0.02086510883773515,0.381700335982338,0.930507693432155,0.260253360433745,0.9791348911622648,0.06949230656784494,0.0015889282068461622,Orange,1.7391232636256253,1.7883249688794103,0.5885186121591883,1.777222837369698,1.7473618363188443
4,30,Orange,-0.4598405747818688,-2.3421475436535193,0.13744852644445113,0.0014975667794995058,0.2850228667275298,0.009154663002465263,0.34478831308550245,0.7149771332724701,0.16208756782307684,0.9908453369975347,0.2850228667275298,0.003669673226918991,Orange,1.5572108763793133,1.4578025486497053,0.533476372498419,1.625381090638745,1.5606253750220282
4,31,Blue,0.8943277759113905,2.0562120377555084,0.3967210688145786,0.22838317522441542,0.8567623641368746,0.9838955494261235,0.06632572854824212,0.14323763586312543,0.0037381870051672113,0.01610445057387655,0.8567623641368746,0.997270979099994,Blue,1.6509495735533606,1.6379383270790455,0.5588558595754124,1.7058431967660623,1.6588254366198842
4,32,Blue,-0.2536585253989543,0.7799188580297267,0.18181449274306463,0.38939680627652784,0.3758226817503231,0.8263300650588359,0.3019628351614088,0.6241773182496769,0.08183959518346529,0.17366993494116412,0.3758226817503231,0.7412586422533448,Blue,1.5268068373671613,1.3955425127015766,0.5262897507785784,1.5983726012435318,1.5279889045333228
4,33,Orange,-0.4097185951937441,-1.8064857063230397,0.14769708995798853,0.007772841009820585,0.30588314180984416,0.026263223241564635,0.33515753577946433,0.6941168581901558,0.28818630072717505,0.9737367767584354,0.30588314180984416,0.011746213468897303,Orange,1.5485591166176533,1.4402629789261896,0.5313849190211398,1.6177382527551685,1.5513747051278703
4,34,Blue,1.2341630114893372,1.1349319706405172,0.38815338660446475,0.3953270620275424,0.9218913106959618,0.9063502398070694,0.032886905348647195,0.07810868930403825,0.040847657925854264,0.09364976019293059,0.9218913106959618,0.9913214979820648,Blue,1.7263884215525525,1.7678948157290761,0.5837984710875526,1.7671866021198481,1.734825769664658
4,35,Blue,0.147010905344387,0.03697241550486652,0.2772782592442493,0.2509128534735228,0.5729804524353873,0.5184777890564569,0.20664446109587759,0.4270195475646127,0.2330285202353536,0.4815222109435431,0.5729804524353873,0.5909675561606268,Blue,1.5173001484991566,1.3757260543253595,0.5241333110331722,1.589843243497016,1.5177125617335034
4,36,Blue,-0.17962815691949596,1.5812830784176537,0.19895038091120512,0.33692883540584573,0.41113960330322646,0.9594010179645459,0.2849494412240853,0.5888603966967736,0.014257820744123791,0.04059898203545409,0.41113960330322646,0.9428544199373653,Blue,1.519700850653692,1.3807455293037734,0.5246739493214833,1.592000846639492,1.5203107542584402
4,37,Orange,-1.8622262190956398,-0.7693748752358073,0.006636915225970607,0.08338538224989514,0.023557941319906923,0.17671709777527103,0.2750903858078546,0.976442058680093,0.3884726512944046,0.823282902224729,0.023557941319906923,0.005152014270342222,Orange,1.8271459520706401,1.9158604003673587,0.626694932957683,1.8442099197139536,1.8316488271343665
4,38,Blue,1.6601185440473452,0.7255600916147583,0.32083869841287943,0.38419802667155606,0.9651165742920064,0.8101707714082649,0.011596477771138994,0.03488342570799363,0.09002054579524711,0.18982922859173512,0.9651165742920064,0.9916022417971097,Blue,1.801200716278323,1.8809123664648322,0.6142660329294045,1.824855408210299,1.8072173945344392
4,39,Orange,-1.308091506119243,-1.202618205326129,0.027803823451536726,0.03527072382938761,0.06810414341112507,0.08277426456399517,0.3804506829401385,0.931895856588875,0.39083664197050777,0.9172257354360048,0.06810414341112507,0.0065519476084926745,Orange,1.7412570089966375,1.7917025064066643,0.5893260899288321,1.7788953503480363,1.7494537135985753
4,40,Orange,-0.06346086302872045,2.397074816964163,0.22663532824038934,0.15034125202627227,0.4683120957686522,0.9917899280685362,0.2573054674130033,0.5316879042313478,0.0012445301756651207,0.008210071931463836,0.4683120957686522,0.9906892190204621,Blue,1.5132925388698726,1.3673240348589355,0.5232366227236024,1.5862359228877767,1.5133706048195865
4,41,Blue,2.3967831103396326,0.9701439038130278,0.15040252758298175,0.39876451414155506,0.991785176165664,0.8743837587599981,0.0012457640001333307,0.008214823834336027,0.05728754554795758,0.12561624124000192,0.991785176165664,0.9988114762152392,Blue,1.870333984505578,1.9684577166551491,0.6501948430219948,1.8762164325528539,1.8718296632832567
4,42,Orange,-0.20657783441373256,1.4896719286549933,0.19265513215956315,0.35386923311917784,0.39815569289302427,0.9516321790465073,0.29121370507774685,0.6018443071069757,0.017985818560283976,0.04836782095349268,0.39815569289302427,0.9286535523227978,Blue,1.5220264872786653,1.3855982495811245,0.5252001980389884,1.5940886061705877,1.5228256956171609
4,43,Blue,-0.5669502625571501,1.4064785991146547,0.11688028234397446,0.3673093174843979,0.24344199132766556,0.9433720037519431,0.36323525444793886,0.7565580086723345,0.02204855621076084,0.05662799624805692,0.24344199132766556,0.8427795786773185,Blue,1.5778264528630062,1.4990068454691057,0.53861700940426,1.6434513636160586,1.582547097666391
4,44,Orange,-0.8093962281312905,-1.6137426716572816,0.07762265966760849,0.013104967659272208,0.16537147256318738,0.0381444012536488,0.391760955683276,0.8346285274368126,0.3304570552999588,0.9618555987463512,0.16537147256318738,0.007796310575947765,Orange,1.631290849795188,1.6017553526252672,0.5530799127304582,1.6893413845122738,1.638556656355332
4,45,Blue,0.8207208601672041,0.8720096690761162,0.39258231728023446,0.3956879847444373,0.8377310170921557,0.8511968768216018,0.07604342209244046,0.1622689829078443,0.06917272553207329,0.14880312317839817,0.8377310170921557,0.967247054725255,Blue,1.6339050453636113,1.6066184793833083,0.553832815733754,1.6915476341351263,1.6412624486081941
4,46,Blue,1.689932692620344,1.4408661374417704,0.3144462595183627,0.36199676314813284,0.9670693184958841,0.9469359747774951,0.01070753608279615,0.03293068150411593,0.020285432048002268,0.05306402522250486,0.9670693184958841,0.9980954395587834,Blue,1.8054106327142825,1.8867423204154778,0.6162056491165707,1.828014236218904,1.8112032502919246
4,47,Blue,-0.21562127087094907,1.0695321752930134,0.1905565895922087,0.3979790573104496,0.3938296631391196,0.8946424512155539,0.2932987606455791,0.6061703368608804,0.04686799501723068,0.10535754878444614,0.3938296631391196,0.8465535493523241,Blue,1.5228748043280087,1.3873659534800853,0.5253927761257761,1.5948495684144546,1.5237425703806595
4,48,Orange,-1.618536335850178,-0.9638543835092162,0.012941645886598413,0.05800067949815837,0.03779420122554762,0.12700440190582862,0.3294824685791491,0.9622057987744523,0.39868175534504324,0.8729955980941714,0.03779420122554762,0.005681843803674013,Orange,1.7951024387832255,1.8723612763211421,0.6115054987019322,1.8202652367814374,1.8014278826458145
4,49,Blue,2.3604051706079168,0.6571978710194053,0.15813761448025282,0.3761771198708597,0.991170693941812,0.7882477929393747,0.0014086830917136256,0.008829306058187991,0.10105494248366441,0.21175220706062525,0.991170693941812,0.9976127094755298,Blue,1.868350083339984,1.966207285993515,0.6490442847247643,1.874730628224675,1.8699853680222585
4,50,Blue,-0.9178178815685614,-0.41279396285074377,0.06342157050382174,0.14705745415985122,0.1375682612245184,0.30457878748085093,0.39759734431923116,0.8624317387754816,0.3357649228551496,0.695421212519149,0.1375682612245184,0.06530060407912266,Orange,1.6563869358775025,1.6477855904560015,0.5605012493887427,1.710370705244721,1.6643990101808248
