block,trial,event,stimulus_h,stimulus_s_low,stimulus_s_high,P(stimulus_h|Blue),P(stimulus_s_low|Blue),P(stimulus_s_high|Blue),P(Blue|stimulus_h),P(Blue|stimulus_s_low),P(Blue|stimulus_s_high),P(stimulus_h|Orange),P(Orange|stimulus_h),P(stimulus_s_low|Orange),P(Orange|stimulus_s_low),P(stimulus_s_high|Orange),P(Orange|stimulus_s_high),P(Human),P(Low_System_Binary),P(Low_System_Likelihood),P(Low_System_Integrated),P(High_System_Binary),P(High_System_Likelihood),P(High_System_Integrated)
1,1,Blue,1.614741168611214,1.2420554103410986,1.9920554103410986,0.27449364278601623,0.2739441362978307,0.2739441362978307,0.9184979689745278,0.7173879294580744,0.9888171123724588,0.02435692853585525,0.08150203102547215,0.10791918346107884,0.2826120705419256,0.0030981325607243033,0.01118288762754116,0.9184979689745278,Blue,0.7173879294580744,0.9662242646830211,Blue,0.9888171123724588,0.9989974810017004
1,2,Blue,0.08976453907623916,-0.047547970581250876,0.7024520294187491,0.32081393516637813,0.364870812310608,0.364870812310608,0.5336109376294351,0.4910857001928875,0.8292777346946562,0.28039925696119156,0.4663890623705649,0.3781172489733896,0.5089142998071126,0.0751154516941227,0.17072226530534385,0.5336109376294351,Orange,0.4910857001928875,0.5247262715639667,Blue,0.8292777346946562,0.8475048635854241
1,3,Orange,-0.1729848579288078,-2.3391387958045664,-3.0891387958045664,0.2605686144713673,0.010029613274305295,5.553920288055376e-05,0.4354922069951658,0.1474988603282277,0.0009571792038855921,0.3377626766193589,0.5645077930048342,0.05796829024838294,0.8525011396717723,0.05796829024838294,0.9990428207961144,0.4354922069951658,Orange,0.1474988603282277,0.11775834698641899,Orange,0.0009571792038855921,0.0007385819955229035
1,4,Orange,-3.430472961038925,0.6018939051982691,-0.14810609480173087,6.396876617829132e-05,0.3888043744457256,0.17740179380537077,0.0057906143566309074,0.6109769005239851,0.4174528036206745,0.01098300522286656,0.9942093856433691,0.24756072235626433,0.3890230994760149,0.24756072235626433,0.5825471963793255,0.0057906143566309074,Blue,0.6109769005239851,0.009064452827527263,Orange,0.4174528036206745,0.004156369980211772
1,5,Blue,-0.4048572062256912,-0.3223081780281781,0.4276918219718219,0.20478674356662246,0.3128417270290914,0.3128417270290914,0.35267858983268935,0.43985978429146755,0.723583387000747,0.3758743724477442,0.6473214101673106,0.39838884735274566,0.5601402157085325,0.1195088944049085,0.276416612999253,0.35267858983268935,Orange,0.43985978429146755,0.2996391168472373,Blue,0.723583387000747,0.5878345756224341
1,6,Blue,2.3677749366852723,1.464412406837463,2.214412406837463,0.10779366310063448,0.2203918392709139,0.2203918392709139,0.9721225133214216,0.749943186283277,0.9931893104167658,0.003091191044280995,0.027877486678578367,0.07348620816248862,0.25005681371672295,0.0015113134910023837,0.006810689583234164,0.9721225133214216,Blue,0.749943186283277,0.9905286910176435,Blue,0.9931893104167658,0.9998033896978495
1,7,Blue,-0.20555237848441132,0.2735108941899721,1.023510894189972,0.25271858863098223,0.3968930014007214,0.39689300140072137,0.42352276886652973,0.5511042143982497,0.909116890784593,0.34398743807764265,0.5764772311334703,0.32328476358713776,0.44889578560175025,0.039676823034277005,0.09088310921540699,0.42352276886652973,Blue,0.5511042143982497,0.4742240213259641,Blue,0.909116890784593,0.8802258824755151
1,8,Orange,-0.03441405357601979,-0.8085037208923884,-1.5585037208923884,0.293290633927961,0.1980414232396114,0.010894092128707041,0.4870975949069654,0.3528859149476816,0.029124079404119534,0.30882819604486794,0.5129024050930346,0.3631638129313271,0.6471140850523184,0.3631638129313271,0.9708759205958805,0.4870975949069654,Orange,0.3528859149476816,0.3411892805723776,Orange,0.029124079404119534,0.027699394915969386
1,9,Blue,1.1425916136982028,1.3066502380596807,2.0566502380596807,0.3693529379064012,0.2584831899789771,0.2584831899789771,0.8473398209787364,0.7271057714882454,0.9903151751160677,0.06654412341637823,0.1526601790212636,0.09701280539720018,0.2728942285117546,0.002527846177953591,0.009684824883932297,0.8473398209787364,Blue,0.7271057714882454,0.9366642586712002,Blue,0.9903151751160677,0.9982411776743434
1,10,Orange,0.4731463698656544,-0.7138970756590388,-1.4638970756590388,0.3839424914480184,0.2205155745093648,0.013979929747794384,0.6703391887100011,0.36925299500830044,0.0357855889044488,0.1888160432079612,0.3296608112899989,0.3766781584877306,0.6307470049916996,0.3766781584877306,0.9642144110955512,0.6703391887100011,Orange,0.36925299500830044,0.5434642081305434,Orange,0.0357855889044488,0.07017209045351654
1,11,Orange,-0.6150528082453406,-2.83860203809197,-3.58860203809197,0.1571392195473567,0.00228233197464294,5.9747958986191465e-06,0.2844326536113745,0.10631456770161925,0.00031132724588543546,0.39532625005396027,0.7155673463886255,0.019185393700059478,0.8936854322983807,0.019185393700059478,0.9996886727541145,0.2844326536113745,Orange,0.10631456770161925,0.04515143301619939,Orange,0.00031132724588543546,0.000123773462416947
1,12,Orange,0.20560537342736696,-1.7067871481487793,-2.4567871481487793,0.34399736279722865,0.0456908418507377,0.0006532581872577237,0.5764966391864791,0.21753484250913818,0.003959102014913513,0.2527057910713857,0.4235033608135209,0.16434834692343914,0.7824651574908619,0.16434834692343914,0.9960408979850864,0.5764966391864791,Orange,0.21753484250913818,0.2745453109645235,Orange,0.003959102014913513,0.005381655641422454
1,13,Orange,0.2315493563090647,1.381486495928885,0.6314864959288851,0.34877297559423415,0.2404012043764402,0.35320158505827276,0.5859685141890066,0.7380996726677409,0.805470791379205,0.24643473121735743,0.41403148581099336,0.08530169630030618,0.2619003273322591,0.08530169630030618,0.19452920862079504,0.5859685141890066,Blue,0.7380996726677409,0.7995427358480329,Blue,0.805470791379205,0.8542297769848216
1,14,Orange,-0.5139536046330361,0.7015400335673454,-0.0484599664326546,0.17947346836374384,0.3782300275459137,0.20039944492416967,0.31627787493105924,0.62858588704709,0.47276824252690575,0.38798155327779416,0.6837221250689407,0.22348572099359967,0.37141411295291005,0.22348572099359967,0.5272317574730943,0.31627787493105924,Blue,0.62858588704709,0.4391098706786154,Orange,0.47276824252690575,0.2931849631388607
1,15,Orange,0.5398862744675337,-0.4353581657505819,-1.1853581657505818,0.39023255526011164,0.28728552084504694,0.027658672144856768,0.6920731517781372,0.4190879358101196,0.06494552956034189,0.17362771624079934,0.3079268482218628,0.398216246915718,0.5809120641898804,0.398216246915718,0.9350544704396582,0.6920731517781372,Orange,0.4190879358101196,0.6185293636312433,Orange,0.06494552956034189,0.13502665812978673
1,16,Orange,-1.4590376209650167,0.3376856258887061,-0.4123143741112939,0.034774805349171205,0.3986646409178456,0.12238220840600007,0.10078284254565882,0.5629797727942405,0.2833900765593078,0.3102720743656649,0.8992171574543412,0.30946851089887284,0.4370202272057595,0.30946851089887284,0.7166099234406922,0.10078284254565882,Blue,0.5629797727942405,0.12616596847516512,Orange,0.2833900765593078,0.04244135310454588
1,17,Orange,-0.8611066016556517,-0.5305444317647101,-1.2805444317647101,0.10896039905878223,0.2647567253564999,0.02209816866339398,0.21557198762249427,0.4018149911408854,0.0530895221037514,0.39648745741128794,0.7844280123775057,0.39414533453123135,0.5981850088591145,0.39414533453123135,0.9469104778962486,0.21557198762249427,Orange,0.4018149911408854,0.15583263100433767,Orange,0.0530895221037514,0.01517395016195098
1,18,Orange,-2.6955356548549734,-0.27341877916633706,-1.0234187791663372,0.0010543861732931383,0.3233040750470488,0.039684676088277776,0.01723710628025045,0.4489128768005066,0.09090023508821443,0.06011517188072951,0.9827628937197496,0.3968892893119838,0.5510871231994934,0.3968892893119838,0.9090997649117856,0.01723710628025045,Orange,0.4489128768005066,0.014086280069814779,Orange,0.09090023508821443,0.0017506853222906279
1,19,Orange,0.8358816385084173,-0.6961688114085942,-1.4461688114085942,0.3974737594133983,0.22477849137613118,0.01463421408140777,0.7779608454851038,0.37235509609092066,0.03718772126640293,0.11344367521089864,0.2220391545148962,0.3788885289920965,0.6276449039090793,0.3788885289920965,0.9628122787335971,0.7779608454851038,Orange,0.37235509609092066,0.6751773046419296,Orange,0.03718772126640293,0.119196898891485
1,20,Blue,-0.7181181938986938,-0.14068990870810139,0.6093100912918986,0.13579294062384487,0.34927120244760484,0.34927120244760484,0.25404055973371303,0.4736450903871272,0.797533226483054,0.39873957956184475,0.745959440266287,0.38814001438171536,0.5263549096128728,0.08866817217608824,0.20246677351694597,0.25404055973371303,Orange,0.4736450903871272,0.23456802395406146,Blue,0.797533226483054,0.5729189412472572
1,21,Blue,-0.10120320533166516,-0.02078193741193496,0.7292180625880651,0.27770052848616883,0.368888737722819,0.368888737722819,0.4621215116101011,0.49610346561947566,0.8376356913467746,0.3232248158428979,0.5378784883898988,0.37468344688628086,0.5038965343805244,0.07150407449093606,0.16236430865322538,0.4621215116101011,Orange,0.49610346561947566,0.45824962578749723,Blue,0.8376356913467746,0.8159184931849612
1,22,Orange,-1.3131009553912079,-1.659131704346176,-2.409131704346176,0.04749497755231339,0.05039897564991471,0.0007739664860127967,0.12242633127009683,0.22367992515987345,0.0044052366277222135,0.3404524277124088,0.8775736687299032,0.17491840861643124,0.7763200748401266,0.17491840861643124,0.9955947633722778,0.12242633127009683,Orange,0.22367992515987345,0.03864225591994988,Orange,0.0044052366277222135,0.0006168930725317343
1,23,Orange,-2.645004235386831,-0.9213591020346097,-1.6713591020346097,0.0012533122748738731,0.17218048965197688,0.007996505486102833,0.018569215666068964,0.33380635736119996,0.02274153941990503,0.06624077565066074,0.981430784333931,0.34362900844474903,0.6661936426388,0.34362900844474903,0.977258460580095,0.018569215666068964,Orange,0.33380635736119996,0.009391394838855168,Orange,0.02274153941990503,0.00044010178365508373
1,24,Orange,-1.5910530126738762,-0.2532304668462265,-1.0032304668462266,0.02575302617857643,0.327497357401779,0.041435346044612895,0.08420181673509498,0.4526614963656739,0.09472433607755407,0.2800957924947464,0.915798183264905,0.3959954954942326,0.5473385036343261,0.3959954954942326,0.905275663922446,0.08420181673509498,Orange,0.4526614963656739,0.07066608402314777,Orange,0.09472433607755407,0.009528931458036549
1,25,Orange,-1.2768866768181764,1.1872843240599993,0.4372843240599993,0.051145880189342574,0.286836920848298,0.3149268281676978,0.12838323591800208,0.7089857604173826,0.7278793414474464,0.34723853366052543,0.871616764081998,0.11773667831600121,0.2910142395826174,0.11773667831600121,0.27212065855255363,0.12838323591800208,Blue,0.7089857604173826,0.2640804970180045,Blue,0.7278793414474464,0.28263260306298277
1,26,Blue,0.31191661517079877,1.012711287894588,1.762711287894588,0.362439737735575,0.3255379036789063,0.3255379036789063,0.6148806559368974,0.6812524356222839,0.9814051442912344,0.22700755457405755,0.38511934406310255,0.15231419145752667,0.3187475643777161,0.006168023860334428,0.018594855708765623,0.6148806559368974,Blue,0.6812524356222839,0.7733646598164962,Blue,0.9814051442912344,0.9882719594583865
1,27,Blue,1.0048180864304508,0.2145001211537148,0.9645001211537148,0.386198164471848,0.3938368117885782,0.3938368117885782,0.8186499039878697,0.5401322554724097,0.8975344879906553,0.08555192380223607,0.18135009601213026,0.335312036106316,0.45986774452759027,0.04496171579811736,0.10246551200934473,0.8186499039878697,Blue,0.5401322554724097,0.8413226338367913,Blue,0.8975344879906553,0.9753339567671921
1,28,Blue,0.4111281339015814,-0.38712574599203264,0.36287425400796736,0.3766813765114298,0.2983892730398297,0.2983892730398297,0.6494658679849041,0.4279195764939737,0.6934858832503523,0.20330503244360584,0.35053413201509587,0.3989129524965424,0.5720804235060263,0.1318852000918887,0.3065141167496477,0.6494658679849041,Orange,0.4279195764939737,0.5808704981251677,Blue,0.6934858832503523,0.8073930897683179
1,29,Blue,-0.7347069429128845,1.1809455478244653,1.9309455478244653,0.1325075192152683,0.28831182864505495,0.28831182864505495,0.249354033914109,0.7080039009778388,0.9871898871357466,0.3988956312984749,0.750645966085891,0.11890602459962568,0.29199609902216117,0.0037412326778977394,0.012810112864253376,0.249354033914109,Blue,0.7080039009778388,0.44612218165930817,Blue,0.9871898871357466,0.9624051002617983
1,30,Orange,-1.5369367085444745,-1.7275902630646194,-2.477590263064619,0.029188564076100557,0.043744847682457115,0.0006062204646704695,0.0906763042543862,0.21489082142096205,0.0037787425179810416,0.292709911122161,0.9093236957456138,0.15982293335721234,0.785109178579038,0.1598229333572124,0.996221257482019,0.0906763042543862,Orange,0.21489082142096205,0.02656858777857431,Orange,0.0037787425179810416,0.00037809641730830566
1,31,Orange,-2.3169693741904345,0.24933769586315835,-0.5006623041368417,0.0036170767596906163,0.3958048308747569,0.106423645273447,0.030018764375288633,0.5466150521836967,0.2448094064371225,0.11687678216370279,0.9699812356247114,0.3282967636450768,0.45338494781630334,0.3282967636450768,0.7551905935628775,0.030018764375288633,Blue,0.5466150521836967,0.03596952727548188,Orange,0.2448094064371225,0.009932663915045046
1,32,Orange,-3.4762979103343072,1.1087109745348787,0.35871097453487866,5.276114403188062e-05,0.3047984835897908,0.2974414237089464,0.00540803441644864,0.6966790258004442,0.6914911222830123,0.00970330547259441,0.9945919655835513,0.13270354001368262,0.30332097419955584,0.13270354001368262,0.30850887771698765,0.00540803441644864,Blue,0.6966790258004442,0.012334868265655101,Blue,0.6914911222830123,0.012040720841843818
1,33,Blue,1.3927602064832056,0.8679298448893198,1.6179298448893198,0.3244873019514936,0.35330327702145853,0.35330327702145853,0.8898431850650661,0.6572239216499083,0.9744277389004194,0.04016942341047768,0.1101568149349339,0.18426583052794224,0.3427760783500917,0.009271866231482006,0.02557226109958055,0.8898431850650661,Blue,0.6572239216499083,0.9393510928234949,Blue,0.9744277389004194,0.9967617620932786
1,34,Orange,0.914824094785313,-1.7067868977727092,-2.456786897772709,0.3935598900665073,0.045690865666165585,0.0006532587730958514,0.7977411957410104,0.21753487447216807,0.003959104236428878,0.09978292859153517,0.20225880425898957,0.16434840172501028,0.7824651255278319,0.16434840172501028,0.9960408957635711,0.7977411957410104,Orange,0.21753487447216807,0.5230202060336006,Orange,0.003959104236428878,0.015435423744560297
1,35,Orange,-0.22574489648674,-0.07674293014539357,-0.8267429301453936,0.2478385916777242,0.36024375815711,0.059392414315729176,0.4161453796081814,0.48561467172526634,0.13468305266495442,0.34771912402027255,0.5838546203918187,0.3815867077084596,0.5143853282747337,0.3815867077084596,0.8653169473350456,0.4161453796081814,Orange,0.48561467172526634,0.40223179319369984,Orange,0.13468305266495442,0.09985929565371515
1,36,Orange,-1.1162063119457135,0.5697541488133517,-0.18024585118664826,0.06992713325664118,0.39144779347441355,0.17020155965496567,0.1578504603118528,0.6052324794262195,0.3999788664912785,0.37306893478453923,0.8421495396881472,0.2553248216461746,0.3947675205737805,0.2553248216461746,0.6000211335087215,0.1578504603118528,Blue,0.6052324794262195,0.22322095044672385,Orange,0.3999788664912785,0.11106952864624467
1,37,Blue,1.482336012372429,0.41897859943001065,1.1689785994300106,0.3051058386160698,0.39855666632246467,0.39855666632246467,0.9023404131194288,0.5779183823418504,0.9327802066933156,0.033021362803742564,0.09765958688057119,0.29108512134213044,0.42208161765814955,0.028721553629627708,0.06721979330668437,0.9023404131194288,Blue,0.5779183823418504,0.9267454091143705,Blue,0.9327802066933156,0.9922609398727138
1,38,Blue,0.12889084807339501,-0.4493494177248496,0.3006505822751504,0.3289574649279594,0.28401889411602044,0.28401889411602044,0.5481840724217416,0.4165354647002764,0.6629490000408421,0.27112831187089337,0.4518159275782584,0.3978411590739041,0.5834645352997236,0.14439851672330947,0.3370509999591579,0.5481840724217416,Orange,0.4165354647002764,0.46414271369174487,Blue,0.6629490000408421,0.7047040975657799
1,39,Orange,-0.1376670369876395,-1.487035561672512,-2.2370355616725117,0.269034698368357,0.07047292047628155,0.001400984476231665,0.44855753419935995,0.2468884632311011,0.006474875224574153,0.33074276128029845,0.55144246580064,0.21497144397065104,0.7531115367688989,0.21497144397065113,0.9935251247754259,0.44855753419935995,Orange,0.2468884632311011,0.21052276122640662,Orange,0.006474875224574153,0.005273200883565355
1,40,Orange,-1.4018971426965505,-1.7174407703916017,-2.467440770391602,0.0393889803014959,0.04468610293528788,0.0006287644356116551,0.10882054037993542,0.21617787013174758,0.0038656906668633824,0.3225737536086045,0.8911794596200646,0.16202378327116956,0.7838221298682524,0.16202378327116954,0.9961343093331366,0.10882054037993542,Orange,0.21617787013174758,0.03258024707899911,Orange,0.0038656906668633824,0.00047364086108362676
1,41,Blue,-0.01549409229677301,0.7434988489910264,1.4934988489910264,0.29762257088389305,0.3727548798060995,0.3727548798060995,0.49418997691027006,0.6359026333509488,0.9664428564758488,0.30462066509726143,0.50581002308973,0.21342743845516107,0.36409736664905124,0.012942916300911794,0.03355714352415118,0.49418997691027006,Blue,0.6359026333509488,0.6305047952690392,Blue,0.9664428564758488,0.9656808958210857
1,42,Blue,2.919346470302331,-1.8292177322644045,-1.0792177322644045,0.0379316058373367,0.03514663356122714,0.03514663356122714,0.9876176028945628,0.20231090003917043,0.08104445642075309,0.00047557293931198004,0.012382397105437204,0.1385792188492076,0.7976890999608296,0.3985244046990421,0.9189555435792469,0.9876176028945628,Orange,0.20231090003917043,0.9528941399545565,Orange,0.08104445642075309,0.8755316470286406
1,43,Blue,0.0602446046842815,0.7449180487805014,1.4949180487805014,0.3144847210029967,0.3725596146601082,0.3725596146601082,0.5225763652959726,0.6361490386842179,0.9665462612229653,0.28731195769846224,0.4774236347040274,0.21308870358728513,0.3638509613157821,0.012894894458483512,0.033453738777034725,0.5225763652959726,Blue,0.6361490386842179,0.6567975774939373,Blue,0.9665462612229653,0.9693482005389996
1,44,Blue,1.8804489363870127,1.189770118239743,1.939770118239743,0.21057867723737433,0.28625744778397083,0.28625744778397083,0.9437828058125,0.7093702715156518,0.9874385636351506,0.01254329101684466,0.05621719418750004,0.11727997023095192,0.2906297284843482,0.0036415477850743217,0.01256143636484941,0.9437828058125,Blue,0.7093702715156518,0.97617719933135,Blue,0.9874385636351506,0.9992428230909942
1,45,Blue,-0.7262863443382157,2.737980454885357,3.487980454885357,0.1341697863928543,0.024458515333659107,0.024458515333659107,0.25172571937559424,0.8862993196013399,0.9996096030424726,0.3988301260740263,0.7482742806244058,0.0031377095451556743,0.1137006803986601,9.552259144806809e-06,0.0003903969575274058,0.25172571937559424,Blue,0.8862993196013399,0.723933113491105,Blue,0.9996096030424726,0.9988404076663789
1,46,Blue,0.1445946730362735,-0.33247808244696675,0.41752191755303325,0.33214078851485695,0.31061497640329916,0.31061497640329916,0.5540114337408284,0.4379813851999812,0.7189833569608081,0.2673789475168644,0.4459885662591716,0.39858177692783414,0.5620186148000188,0.12140472669009368,0.28101664303919194,0.5540114337408284,Orange,0.4379813851999812,0.4918840748181229,Blue,0.7189833569608081,0.7606627275069142
1,47,Blue,1.4422237749207474,-0.5554515297390089,0.1945484702609911,0.3139487853092616,0.2587718333666226,0.2587718333666226,0.896908384939076,0.39733334435387757,0.6077189698972,0.03608561127025873,0.10309161506092401,0.3924995412707707,0.6026666556461224,0.1670365520625762,0.3922810301028,0.896908384939076,Orange,0.39733334435387757,0.8515420355773622,Blue,0.6077189698972,0.9309303933237089
1,48,Blue,0.8487029388104754,-0.9799655370000886,-0.2299655370000886,0.39700370403734797,0.15930983319673306,0.15930983319673306,0.7812651638505597,0.3241041343635445,0.37345514641312694,0.11115117398212915,0.21873483614944034,0.33222920103859316,0.6758958656364555,0.26727374645622987,0.6265448535868731,0.7812651638505597,Orange,0.3241041343635445,0.631365723332664,Orange,0.37345514641312694,0.6804046325170052
1,49,Blue,2.6100494931391442,-0.11416778260103277,0.6358322173989672,0.07073388150479247,0.35395655726406017,0.35395655726406017,0.9804507259900161,0.47860661014139866,0.8069982882568764,0.0014103676958682773,0.019549274009983852,0.3855997918626013,0.5213933898586014,0.08465225072809747,0.19300171174312364,0.9804507259900161,Orange,0.47860661014139866,0.978740202784217,Blue,0.8069982882568764,0.9952540042790273
1,50,Blue,-0.040054434280484164,-0.13065981747929745,0.6193401825207026,0.29199122230418206,0.35106479945925767,0.35106479945925767,0.48498410391094315,0.47552087049756997,0.8011528654491722,0.31007226792064385,0.5150158960890568,0.38720941990763275,0.52447912950243,0.08713471850967652,0.1988471345508278,0.48498410391094315,Orange,0.47552087049756997,0.46056295885809945,Blue,0.8011528654491722,0.7914080516049066
2,1,Blue,2.1234183298506037,-1.2322165195629813,-0.4822165195629813,0.15534955811587978,0.10964460541142362,0.10964460541142362,0.9602707466066006,0.28411053839526035,0.25256340194264826,0.0064272727048582,0.03972925339339939,0.27627774027391605,0.7158894616047397,0.32448244770897094,0.7474365980573517,0.9602707466066006,Orange,0.28411053839526035,0.9055921750032107,Orange,0.25256340194264826,0.8909168169770004
2,2,Orange,0.44247268544753227,0.35608988890091975,-0.39391011109908025,0.3805167590645664,0.3988709574335958,0.12587291451262664,0.6600930773559233,0.5663728188698796,0.2918744323192364,0.19594248905960557,0.33990692264407674,0.3053841624174749,0.43362718113012044,0.3053841624174749,0.7081255676807636,0.6600930773559233,Blue,0.5663728188698796,0.7172327827658312,Orange,0.2918744323192364,0.44458144360515045
2,3,Blue,1.0820887114998836,1.1902666443531744,1.9402666443531744,0.37753953422316766,0.2861416291546981,0.2861416291546981,0.8352267649619427,0.7094470399197895,0.9874524132443663,0.07448086318396083,0.1647732350380573,0.1171888705920475,0.2905529600802105,0.003636010067989389,0.012547586755633722,0.8352267649619427,Blue,0.7094470399197895,0.9252443486459441,Blue,0.9874524132443663,0.9974994303631609
2,4,Orange,0.06529060380935503,-0.8435681398321399,-1.59356813983214,0.3155771760620661,0.18987435996179827,0.009909663382642679,0.5244644254612623,0.34690398703380754,0.02697423752025753,0.28613603982387037,0.47553557453873774,0.3574654431500468,0.6530960129661925,0.3574654431500468,0.9730257624797425,0.5244644254612623,Orange,0.34690398703380754,0.36941199206248,Orange,0.02697423752025753,0.029667333517520017
2,5,Orange,-1.3133376700830972,-2.2222550815192763,-2.9722550815192763,0.04747178693840545,0.013680203208938037,9.027155662314225e-05,0.12238818811032096,0.1588658116747901,0.001244751384526988,0.3404070408420523,0.8776118118896791,0.0724314847918913,0.8411341883252099,0.0724314847918913,0.998755248615473,0.12238818811032096,Orange,0.1588658116747901,0.02566322898116398,Orange,0.001244751384526988,0.00017377412612388677
2,6,Orange,-0.7071399473833945,-0.4176116140726697,-1.1676116140726698,0.13799098164831175,0.29140095189897003,0.02881173413157897,0.257173811233383,0.42233172286308096,0.06741290163802661,0.398576023314282,0.742826188766617,0.3985802551093455,0.577668277136919,0.3985802551093455,0.9325870983619734,0.257173811233383,Orange,0.42233172286308096,0.20198747027031583,Orange,0.06741290163802661,0.024415084338549695
2,7,Blue,0.8990410948438438,2.4071404718451115,3.1571404718451115,0.39453589384064236,0.0506034267899588,0.0506034267899588,0.7938943748258068,0.8587995892757342,0.9991785076162211,0.10242680844227767,0.20610562517419317,0.008320014047542103,0.1412004107242658,4.160450748709693e-05,0.0008214923837789323,0.7938943748258068,Blue,0.8587995892757342,0.9590627852241652,Blue,0.9991785076162211,0.9997865997669301
2,8,Blue,1.387078327333103,1.4685451685296957,2.2185451685296957,0.32566926706807076,0.21939992982031695,0.21939992982031695,0.8890049789286522,0.7505239935092549,0.9932519221543908,0.040660815200464655,0.11099502107134784,0.07292907194078595,0.24947600649074508,0.0014905863988034207,0.006748077845609157,0.8890049789286522,Blue,0.7505239935092549,0.9601522669747852,Blue,0.9932519221543908,0.9991524765106375
2,9,Orange,-0.04454302502901086,-1.1464878198744954,-1.8964878198744954,0.2909546567978236,0.1253806302766156,0.004154210602747563,0.4833025768472525,0.2973673710824324,0.013828513636279908,0.31105880378792383,0.5166974231527475,0.2962548363861313,0.7026326289175676,0.2962548363861313,0.9861714863637201,0.4833025768472525,Orange,0.2973673710824324,0.28359867392058535,Orange,0.013828513636279908,0.012946329134832454
2,10,Blue,1.2370690270142743,-0.26843981758054425,0.48156018241945575,0.3543193507532034,0.32434551319834876,0.32434551319834876,0.8647836814234238,0.4498368613711869,0.7471577209136788,0.05540085831688215,0.13521631857657623,0.3966836888321007,0.550163138628813,0.10976030424768589,0.2528422790863212,0.8647836814234238,Orange,0.4498368613711869,0.8394678139100024,Blue,0.7471577209136788,0.9497464541972199
2,11,Orange,1.528810881771332,-2.0354492913775095,-2.7854492913775095,0.2945779196637513,0.021838704964608116,0.0001907121445318457,0.9083136572793276,0.17849360195104425,0.0018938253012607785,0.029735072112790646,0.09168634272067244,0.10051136655559044,0.8215063980489558,0.10051136655559044,0.9981061746987392,0.9083136572793276,Orange,0.17849360195104425,0.6827913047241781,Orange,0.0018938253012607785,0.018450434661171876
2,12,Blue,1.76837453157262,-0.8445442938335364,-0.09454429383353635,0.23752512384717644,0.18964854640120615,0.18964854640120615,0.9341687100594728,0.34673813636319695,0.4470184765581088,0.016738502507911708,0.06583128994052723,0.35730180751820073,0.653261863636803,0.2346035960637673,0.5529815234418912,0.9341687100594728,Orange,0.34673813636319695,0.8827934588110302,Orange,0.4470184765581088,0.9198150765822558
2,13,Blue,0.3107097157732369,-1.6580233795542796,-0.9080233795542796,0.36224789448909017,0.050512696214455775,0.050512696214455775,0.6144518718039961,0.2238243014493501,0.11475626149247518,0.22729851445185875,0.3855481281960039,0.1751674282732172,0.7761756985506499,0.38966107345621276,0.8852437385075248,0.6144518718039961,Orange,0.2238243014493501,0.31486909072109187,Orange,0.11475626149247518,0.17122247343678
2,14,Blue,1.555122310170797,0.2552151868723733,1.0052151868723733,0.2885030848494593,0.39609043050658704,0.39609043050658704,0.9115479390506191,0.5477072768656048,0.9056579057301172,0.02799489895371449,0.08845206094938085,0.3270886237745902,0.45229272313439517,0.04126061341464895,0.09434209426988283,0.9115479390506191,Blue,0.5477072768656048,0.9258137910675437,Blue,0.9056579057301172,0.9899930456846958
2,15,Orange,1.3486051743362202,0.9019887079000917,0.15198870790009167,0.3335032693334457,0.34721986522191584,0.24849960562182086,0.8831813432839531,0.6629551941610771,0.5846700952475546,0.044112575780959604,0.11681865671604685,0.1765257336964213,0.33704480583892293,0.1765257336964213,0.41532990475244536,0.8831813432839531,Blue,0.6629551941610771,0.936991188256445,Blue,0.5846700952475546,0.9141099095323284
2,16,Orange,-2.680842956831593,0.28254562976308883,-0.46745437023691117,0.0011090181214173898,0.39724087728737656,0.11226490313218446,0.01761444697599955,0.5527799440142289,0.25888490948865905,0.061851693783331885,0.9823855530240004,0.32138301923581447,0.4472200559857711,0.32138301923581447,0.741115090511341,0.01761444697599955,Blue,0.5527799440142289,0.02168193921516104,Orange,0.25888490948865905,0.006224385192788221
2,17,Orange,-0.2408274144689193,0.2777248340731503,-0.4722751659268497,0.24419015929708204,0.39705925116757645,0.1114050621801357,0.4106591586117908,0.551885947243203,0.2568092550561716,0.3504396064740079,0.5893408413882092,0.3223996391175967,0.44811405275679705,0.3223996391175967,0.7431907449438284,0.4106591586117908,Blue,0.551885947243203,0.4618374914025542,Orange,0.2568092550561716,0.19405713216065437
2,18,Orange,-2.0890508174375153,-0.40413676400735743,-1.1541367640073574,0.00709018883216575,0.29450314945046335,0.029712996754550358,0.04174332042503087,0.4247992091712762,0.06934415291422252,0.16276186797532782,0.9582566795749692,0.39877297510965,0.5752007908287238,0.39877297510965,0.9306558470857775,0.04174332042503087,Orange,0.4247992091712762,0.031168618903222412,Orange,0.06934415291422252,0.003235329441419805
2,19,Orange,-0.34091189425181906,-0.9591271107629393,-1.7091271107629393,0.2200318624684009,0.16383653155865696,0.0071899089324952035,0.37487292636305775,0.32753716134006183,0.020927614991257427,0.3669186666164975,0.6251270736369423,0.33637092853029305,0.6724628386599382,0.33637092853029305,0.9790723850087426,0.37487292636305775,Orange,0.32753716134006183,0.2260566278976709,Orange,0.020927614991257427,0.012655790796503403
2,20,Blue,0.5823948672129344,-0.5450939013000097,0.20490609869999032,0.3933780093792789,0.2612637287591935,0.2612637287591935,0.7054926308972357,0.3991949945721069,0.6132605609424866,0.16421535467753096,0.2945073691027643,0.3932127359049976,0.6008050054278931,0.16476029006515677,0.3867394390575134,0.7054926308972357,Orange,0.3991949945721069,0.6141455851874719,Blue,0.6132605609424866,0.7916056285437773
2,21,Blue,1.3159289540602879,0.4944929685292259,1.2444929685292259,0.3399093468868499,0.39610426062726256,0.39610426062726256,0.8780286915630471,0.5916691182640401,0.9426817236536335,0.04721848863040505,0.12197130843695292,0.27336495518956805,0.4083308817359599,0.02408449522561098,0.05731827634636655,0.8780286915630471,Blue,0.5916691182640401,0.9125170743087224,Blue,0.9426817236536335,0.9916242415360443
2,22,Blue,0.6298008980718082,1.9008452649437588,2.650845264943759,0.39607074081620314,0.12455094879981053,0.12455094879981053,0.7200483286853959,0.8062201227257974,0.9974380001486093,0.15399058845500843,0.2799516713146041,0.02993657301831135,0.19377987727420265,0.000319919145117936,0.002561999851390717,0.7200483286853959,Blue,0.8062201227257974,0.9145370705993265,Blue,0.9974380001486093,0.9990023433190518
2,23,Orange,1.3050371233780047,-1.2839788997483181,-2.033978899748318,0.3419907334819808,0.10075695703228332,0.002716224599545334,0.8762681779394957,0.27628111136369965,0.010186507086857099,0.04829016692245502,0.12373182206050426,0.263933037643631,0.7237188886363004,0.26393303764363113,0.9898134929131429,0.8762681779394957,Orange,0.27628111136369965,0.7299899349923068,Orange,0.010186507086857099,0.06793210948751181
2,24,Blue,0.9178371784986894,2.820761500991046,3.570761500991046,0.3933626998083179,0.020044245115866572,0.020044245115866572,0.7984694568966703,0.8924074233417992,0.9996759256211392,0.09928319467230572,0.20153054310332974,0.002416622635330365,0.10759257665820077,6.49793209896997e-06,0.0003240743788608391,0.7984694568966703,Blue,0.8924074233417992,0.9704686558829495,Blue,0.9996759256211392,0.9999181850823189
2,25,Orange,-0.5163737183618611,-1.8707408961831429,-2.620740896183143,0.17892478974070042,0.03204498379890262,0.00035826917669779055,0.31549338847375075,0.19733167011941433,0.0027410565340940545,0.38820211775576874,0.6845066115262493,0.13034650551201615,0.8026683298805857,0.13034650551201615,0.9972589434659059,0.31549338847375075,Orange,0.19733167011941433,0.10177864298650992,Orange,0.0027410565340940545,0.0012652397680349287
2,26,Blue,1.2468519043566269,-0.3803457809998537,0.3696542190001463,0.35261818348043816,0.2999282025980531,0.2999282025980531,0.8664904245091588,0.4291648542489634,0.6967189129752829,0.05433170714320709,0.1335095754908412,0.3989365800806827,0.5708351457510366,0.1305584642806075,0.3032810870247171,0.8664904245091588,Orange,0.4291648542489634,0.829914089113432,Blue,0.6967189129752829,0.9371445473892156
2,27,Blue,0.8856246160109604,1.3419001163248718,2.091900116324872,0.39529002166321503,0.24997697867020147,0.24997697867020147,0.7905819661522939,0.7323199505181359,0.9910470175090854,0.10470876225423682,0.20941803384770608,0.09137242536192416,0.2676800494818641,0.0022582576544059093,0.008952982490914585,0.7905819661522939,Blue,0.7323199505181359,0.9117234340839511,Blue,0.9910470175090854,0.9976127240091298
2,28,Orange,0.9703795178881445,-1.797184774794563,-2.5471847747945633,0.38937121929746976,0.03769861656352034,0.0004706437858842868,0.8108540716546457,0.2062157773310015,0.0032328092292233227,0.0908276634717944,0.18914592834535426,0.1451128882177528,0.7937842226689985,0.14511288821775276,0.9967671907707767,0.8108540716546457,Orange,0.2062157773310015,0.5268941921451742,Orange,0.0032328092292233227,0.01371308970895282
2,29,Orange,-1.0735918314066424,-0.6212456215160949,-1.3712456215160949,0.07564665042504273,0.24287916992870803,0.017693469988541002,0.166534786948466,0.3855790104541109,0.04371759379141612,0.37859268185603495,0.833465213051534,0.38702848412813523,0.6144209895458891,0.38702848412813523,0.9562824062085838,0.166534786948466,Orange,0.3855790104541109,0.11141959161192214,Orange,0.04371759379141612,0.009051873858581552
2,30,Blue,0.9153713075591133,1.3187960576783615,2.0687960576783615,0.3935243360666956,0.2555559189435049,0.2555559189435049,0.7978736026940398,0.7289095345975594,0.9905737981771005,0.09969205151393244,0.20212639730596016,0.09504440498366218,0.27109046540244064,0.0024318447282080744,0.00942620182289955,0.7978736026940398,Blue,0.7289095345975594,0.9138954564967249,Blue,0.9905737981771005,0.9975951214268965
2,31,Orange,-0.4577869597874088,1.3078118515044845,0.5578118515044845,0.19237413114069116,0.2582034320717701,0.3396669395298286,0.3347719323564518,0.7272786053719728,0.7781774190668245,0.3822682224956312,0.6652280676435482,0.09682341756271044,0.27272139462802725,0.09682341756271044,0.22182258093317553,0.3347719323564518,Blue,0.7272786053719728,0.5730187772835141,Blue,0.7781774190668245,0.6383930304207214
2,32,Orange,-0.13837799678770824,-0.3150237559530307,-1.0650237559530307,0.2688648973733507,0.3144265029407798,0.03625998240054061,0.4482937609184902,0.44120629252473986,0.08345501151836619,0.3308866959178089,0.5517062390815097,0.3982253976962648,0.5587937074752601,0.3982253976962648,0.9165449884816338,0.4482937609184902,Orange,0.44120629252473986,0.3908275905945407,Orange,0.08345501151836619,0.06888974003317248
2,33,Blue,1.6696421116739915,-0.311184297611263,0.438815702388737,0.26137232908696834,0.31525829931400545,0.31525829931400545,0.9244541129149154,0.44191635679661095,0.7285612790310302,0.02135920451271443,0.07554588708508458,0.3981307718651385,0.5580836432033891,0.11745519835264483,0.2714387209689698,0.9244541129149154,Orange,0.44191635679661095,0.9064529785475692,Blue,0.7285612790310302,0.9704535086993069
2,34,Orange,0.1672776378377434,-0.46801009443384745,-1.2180100944338474,0.3366467193968117,0.27963459586240746,0.02563525607525022,0.562402059260385,0.4131381091248039,0.06062412860698254,0.26194056145264993,0.437597940739615,0.39722040658408264,0.5868618908751961,0.39722040658408264,0.9393758713930175,0.562402059260385,Orange,0.4131381091248039,0.4749980909071132,Orange,0.06062412860698254,0.07659003988240293
2,35,Orange,-2.571127846724169,0.023639661941601775,-0.7263603380583983,0.0016062008317899693,0.3750613836084308,0.07188367554797334,0.020700254619182117,0.5044323205085789,0.16324068567629835,0.07598708781798179,0.9792997453808179,0.36847024265668693,0.4955676794914211,0.36847024265668693,0.8367593143237017,0.020700254619182117,Blue,0.5044323205085789,0.02106273852240684,Orange,0.16324068567629835,0.0041067728255818215
2,36,Orange,-0.4629253073898384,1.6421446619251685,0.8921446619251685,0.19118142477205685,0.17875013711571386,0.3882719287904503,0.33305766137125375,0.774099974767628,0.8815640644099871,0.38283757237375615,0.6669423386287463,0.05216336623296108,0.22590002523237196,0.05216336623296108,0.11843593559001286,0.33305766137125375,Blue,0.774099974767628,0.6311656068673546,Blue,0.8815640644099871,0.7880042954893094
2,37,Orange,-3.613630085008579,0.15922565595386573,-0.5907743440461343,2.9251716782188106e-05,0.3897624542959357,0.09154914628315404,0.0044056805279028815,0.5298193811727979,0.20928472958223504,0.006610293887336325,0.9955943194720971,0.3458891057379104,0.4701806188272021,0.3458891057379104,0.7907152704177649,0.0044056805279028815,Blue,0.5298193811727979,0.004961734161674559,Orange,0.20928472958223504,0.0011698754814624273
2,38,Orange,-1.5931536987884796,0.0374819431264074,-0.7125180568735926,0.0256266318582573,0.3768538801166118,0.07374258450717003,0.08395915311748797,0.5070274015562608,0.1675396396034843,0.27960074248646427,0.9160408468825121,0.3664074879276068,0.4929725984437392,0.3664074879276068,0.8324603603965157,0.08395915311748797,Blue,0.5070274015562608,0.08614664548210439,Orange,0.1675396396034843,0.01811211329708547
2,39,Orange,-1.208776883655342,-0.23966335432659064,-0.9896633543265907,0.05858116952661364,0.33027023926453,0.04264526273411689,0.14025600250763556,0.45518372086701514,0.0973745722554511,0.35909200295257826,0.8597439974923644,0.3953054439682643,0.5448162791329849,0.3953054439682643,0.9026254277445489,0.14025600250763556,Orange,0.45518372086701514,0.11994903870577502,Orange,0.0973745722554511,0.017294722260081576
2,40,Orange,-0.7204494361554855,-1.9015397652799906,-2.6515397652799906,0.13532861064764923,0.029889286176472782,0.00031908123495243926,0.2533784604339096,0.19369851431071036,0.002558009763610012,0.39876813307673653,0.7466215395660905,0.12441900205607193,0.8063014856892896,0.12441900205607193,0.99744199023639,0.2533784604339096,Orange,0.19369851431071036,0.07538082775427453,Orange,0.002558009763610012,0.0008695727341301126
2,41,Orange,-2.355733376423944,0.22053280360379257,-0.5294671963962074,0.0032092165536202425,0.3942111535254933,0.10151290099479665,0.028371178712011447,0.5412558903172167,0.2330262994131209,0.10990615965954932,0.9716288212879886,0.3341156149729629,0.45874410968278334,0.3341156149729629,0.7669737005868791,0.028371178712011447,Blue,0.5412558903172167,0.03330419638420811,Orange,0.2330262994131209,0.008793576870711672
2,42,Blue,-0.9573506448415814,1.4881555816939653,2.2381555816939653,0.09287863431806355,0.21470372859083708,0.21470372859083708,0.19216150477302021,0.7532676913724883,0.9935413159566514,0.3904576844090984,0.8078384952269798,0.07032605703508968,0.24673230862751172,0.0013957180477813054,0.006458684043348595,0.19216150477302021,Blue,0.7532676913724883,0.42069785692779327,Blue,0.9935413159566514,0.9733984518455707
2,43,Blue,-0.5594434003259454,0.5384919323664147,1.2884919323664148,0.16927011226800442,0.393645965176097,0.393645965176097,0.30171065261524693,0.5996168608062388,0.947802267557351,0.39176447766364186,0.6982893473847531,0.26284985891865015,0.40038313919376123,0.021679022588059933,0.052197732442649025,0.30171065261524693,Blue,0.5996168608062388,0.39286237124720136,Blue,0.947802267557351,0.886948329007204
2,44,Blue,-0.5783033721754809,1.8849255087594807,2.6349255087594807,0.16511163510354582,0.12759730178176462,0.12759730178176462,0.2957841272282671,0.8043479513965266,0.9973448154345542,0.3931050503243484,0.7042158727717329,0.03103715680077715,0.1956520486034734,0.0003396963427697228,0.0026551845654457784,0.2957841272282671,Blue,0.8043479513965266,0.6332625878938146,Blue,0.9973448154345542,0.9937015124332124
2,45,Blue,0.32113211017772897,1.1072077734929668,1.8572077734929668,0.3638904687465063,0.3051344911469578,0.3051344911469578,0.6181487915064581,0.6964407336300025,0.984912964691377,0.22478732816334102,0.3818512084935419,0.13299969086237076,0.3035592663699975,0.004674093048674001,0.015087035308622987,0.6181487915064581,Blue,0.6964407336300025,0.7878650174589352,Blue,0.984912964691377,0.9906261716859271
2,46,Blue,-0.27521254679620744,0.06309403907679983,0.8130940390767998,0.2358713107161306,0.38000107495590224,0.38000107495590224,0.3982364139371977,0.5118279252863802,0.8616975741357594,0.3564183505535888,0.6017635860628023,0.36243804605001473,0.4881720747136198,0.06099015719074123,0.13830242586424057,0.3982364139371977,Blue,0.5118279252863802,0.40962923940308726,Blue,0.8616975741357594,0.804811568731519
2,47,Blue,1.4658713090437843,1.5885509851482025,2.3385509851482027,0.3087651267367611,0.19103635476159264,0.19103635476159256,0.9001423246459295,0.7669937255873353,0.9948404844440445,0.03425299193487643,0.09985767535407053,0.05803524568116731,0.23300627441266475,0.0009907669214892288,0.005159515555955507,0.9001423246459295,Blue,0.7669937255873353,0.9673974905014336,Blue,0.9948404844440445,0.9994249892698791
2,48,Blue,-1.0317416596248623,0.4988216974808351,1.248821697480835,0.08157436636674774,0.3958957184762409,0.3958957184762409,0.17543136640260462,0.5924532394231633,0.9432057211836775,0.3834186849872467,0.8245686335973954,0.2723354466730985,0.4075467605768367,0.023838502367342383,0.056794278816322485,0.17543136640260462,Blue,0.5924532394231633,0.23622360825402988,Blue,0.9432057211836775,0.779410839286782
2,49,Blue,2.348541351898548,-1.487695639038886,-0.737695639038886,0.11117988986373704,0.07038634096317967,0.07038634096317967,0.971329917607891,0.2467964263746108,0.1597868073374666,0.003281620945629819,0.028670082392108998,0.21481365968974986,0.7532035736253893,0.37011523820990616,0.8402131926625334,0.971329917607891,Orange,0.2467964263746108,0.9173625884147444,Orange,0.1597868073374666,0.8656458719038687
2,50,Blue,-1.1810123534045458,-0.18931239611418527,0.5606876038858147,0.06183146586486934,0.3402200130617133,0.3402200130617133,0.14535358652595073,0.4645634378037831,0.7792923189622242,0.3635551196517546,0.8546464134740492,0.3921234848900379,0.5354365621962169,0.09635558865187847,0.22070768103777583,0.14535358652595073,Orange,0.4645634378037831,0.12858783892225448,Blue,0.7792923189622242,0.37520022505494427
3,1,Orange,-0.026631629189064032,-0.8912867158722422,-1.6412867158722422,0.2950776086910874,0.1789445036652549,0.00869410881483057,0.4900144669268138,0.3388406298717587,0.02429487218563541,0.30710381370997575,0.5099855330731862,0.3491636625041332,0.6611593701282412,0.3491636625041332,0.9757051278143646,0.4900144669268138,Orange,0.3388406298717587,0.32994971877121926,Orange,0.02429487218563541,0.023365713311250345
3,2,Orange,-1.2355141503137181,-0.7658352559083015,-1.5158352559083015,0.055572224952735144,0.20810946290009633,0.012204580368904148,0.1354892749643026,0.3602275982182444,0.03196491842243986,0.3545873612386942,0.8645107250356974,0.3696071360763456,0.6397724017817557,0.3696071360763456,0.9680350815775601,0.1354892749643026,Orange,0.3602275982182444,0.081088574451349,Orange,0.03196491842243986,0.005148436069779862
3,3,Orange,0.06871803030323231,-0.31164232120290447,-1.0616423212029045,0.31631678153572224,0.3151591997361927,0.036529290759855934,0.5257464693096758,0.4418316379933289,0.08403881432003797,0.2853359161058951,0.47425353069032417,0.3981423672759714,0.5581683620066711,0.3981423672759714,0.915961185679962,0.5257464693096758,Orange,0.4418316379933289,0.46738271279856775,Orange,0.08403881432003797,0.09232108212407981
3,4,Blue,0.4185904373983393,1.158385727764383,1.908385727764383,0.37762460612929316,0.2935271521416206,0.2935271521416206,0.6520098866884162,0.7044937132097514,0.9865318488761688,0.20154545530530157,0.3479901133115838,0.12312263001793675,0.2955062867902486,0.004007238132752204,0.013468151123831151,0.6520098866884162,Blue,0.7044937132097514,0.8170780333079894,Blue,0.9865318488761688,0.9927663640323685
3,5,Blue,1.776518145012556,1.9552580580710115,2.7052580580710117,0.2355556037096212,0.11445811872197956,0.11445811872197953,0.9349159558921446,0.8125162202244764,0.9977325527787521,0.016398170557544875,0.0650840441078554,0.026410599800781566,0.18748377977552355,0.000260117546052421,0.0022674472212479424,0.9349159558921446,Blue,0.8125162202244764,0.9841906915427064,Blue,0.9977325527787521,0.9998418182773378
3,6,Orange,-1.0726488893597041,-1.2160378115139636,-1.9660378115139636,0.07577680618620557,0.11251832383830275,0.0033587180541583047,0.16673120143634584,0.2865849517220999,0.011849081589756682,0.3787080504777429,0.8332687985636542,0.2800993735047568,0.7134150482779,0.2800993735047568,0.9881509184102433,0.16673120143634584,Orange,0.2865849517220999,0.07439893545369668,Orange,0.011849081589756682,0.002393604515463417
3,7,Blue,0.9619853308579613,0.8109105359817573,1.5609105359817574,0.3900784432855255,0.3627840479790306,0.3627840479790305,0.8089153876594375,0.6475261861140376,0.9710286540247094,0.09214559304317008,0.1910846123405625,0.1974775379750234,0.35247381388596244,0.010823925869492865,0.028971345975290608,0.8089153876594375,Blue,0.6475261861140376,0.8860648684845774,Blue,0.9710286540247094,0.9930014330619404
3,8,Blue,0.9242818274996722,-0.6407178564400646,0.10928214355993537,0.3929292884527297,0.23816777536605463,0.23816777536605463,0.8000205400296312,0.38212499978421754,0.5611633577715978,0.09821971184440814,0.1999794599703688,0.3851041264999467,0.6178750002157825,0.18625012731352952,0.43883664222840224,0.8000205400296312,Orange,0.38212499978421754,0.7121572354922099,Blue,0.5611633577715978,0.836485506775047
3,9,Blue,2.8468724139984336,0.8357437567371591,1.585743756737159,0.04427321140647663,0.3587674263520081,0.3587674263520081,0.9862152077555199,0.6517652926224685,0.9725598261405297,0.0006188274287750827,0.013784792244480149,0.19168751565396663,0.3482347073775315,0.010122400997459367,0.027440173859470285,0.9862152077555199,Blue,0.6517652926224685,0.9925872721550496,Blue,0.9725598261405297,0.9996057898288399
3,10,Orange,-0.34103748288300606,0.13568813547875458,-0.6143118645212454,0.220001717084098,0.38768054448102085,0.08790123588744785,0.3748287811382877,0.5254195913615524,0.20065563061952107,0.3669375153195404,0.6251712188617122,0.3501688826337926,0.47458040863844764,0.3501688826337926,0.7993443693804789,0.3748287811382877,Blue,0.5254195913615524,0.3989624468548543,Orange,0.20065563061952107,0.13081658731021079
3,11,Orange,-1.4412559019574278,0.3230394884755069,-0.4269605115244931,0.03616224185649111,0.39840409265995147,0.11964464180500232,0.10322593215787858,0.5602753481788557,0.2767458409738729,0.31415904951419743,0.8967740678421214,0.31268215083611195,0.4397246518211443,0.31268215083611195,0.7232541590261271,0.10322593215787858,Blue,0.5602753481788557,0.12790570558012018,Orange,0.2767458409738729,0.04218681574371358
3,12,Orange,0.21414448996772129,-1.982527475625722,-2.732527475625722,0.3455876087450619,0.024775341064816395,0.00023423219557716556,0.579620751126666,0.18438813713747793,0.00213279512785323,0.2506429576611773,0.420379248873334,0.10958981631157248,0.8156118628625221,0.10958981631157248,0.9978672048721468,0.579620751126666,Orange,0.18438813713747793,0.2376369364415198,Orange,0.00213279512785323,0.0029383333564322227
3,13,Orange,-2.9965132544549697,-0.12637039626237098,-0.876370396262371,0.00035723407595267866,0.35182384452792026,0.05384314052082075,0.011043919892651795,0.4763232717183134,0.12219209880570919,0.0319894398790412,0.9889560801073483,0.3868002484304871,0.5236767282816865,0.3868002484304871,0.8778079011942908,0.011043919892651795,Orange,0.4763232717183134,0.010055315383430605,Orange,0.12219209880570919,0.0015520842664999415
3,14,Blue,1.1457806120688017,0.9161609655399213,1.6661609655399214,0.36888893122197963,0.3446016631716618,0.3446016631716618,0.8479575629825762,0.6653261117234408,0.9769970726636594,0.06614337148484764,0.15204243701742381,0.1733423301566866,0.3346738882765592,0.008113480827847602,0.023002927336340573,0.8479575629825762,Blue,0.6653261117234408,0.917267880346461,Blue,0.9769970726636594,0.9957961135578238
3,15,Orange,-0.6961101895972237,0.776475499952626,0.02647549995262599,0.1402181473933737,0.3680524507580215,0.21820581156738628,0.2603470994247533,0.6416094852469968,0.5148880663715791,0.39836341431094713,0.7396529005752467,0.2055869034300395,0.3583905147530032,0.2055869034300395,0.48511193362842087,0.2603470994247533,Blue,0.6416094852469968,0.38655684737157997,Blue,0.5148880663715791,0.2719809062118153
3,16,Orange,-1.5530413303600046,-0.570154827165677,-1.320154827165677,0.028129449743270498,0.25522816814420196,0.02007400473706409,0.08870406325316141,0.3946957234501298,0.04878355520562681,0.2889862348335346,0.9112959367468386,0.39141721709886934,0.6053042765498702,0.39141721709886934,0.9512164447943732,0.08870406325316141,Orange,0.3946957234501298,0.059682534973102754,Orange,0.04878355520562681,0.004967244698970695
3,17,Blue,1.4364742802214479,-0.8262998689427048,-0.0762998689427048,0.31519556172871904,0.19388322759364185,0.19388322759364185,0.8961082212887563,0.34984402082325977,0.4571864229798208,0.03654271523454117,0.10389177871124367,0.36031583271155376,0.6501559791767402,0.23019591791107807,0.5428135770201792,0.8961082212887563,Orange,0.34984402082325977,0.8227347302756639,Orange,0.4571864229798208,0.8790045056270206
3,18,Blue,-0.8097478377634884,0.5517709133988695,1.3017709133988695,0.11820378034485196,0.39275765505872945,0.39275765505872945,0.22888430614341068,0.6020054496043112,0.9492607887338037,0.3982308426161025,0.7711156938565893,0.2596577928693299,0.39799455039568876,0.020993402311521265,0.050739211266196294,0.22888430614341068,Blue,0.6020054496043112,0.30985579180978234,Blue,0.9492607887338037,0.8474013033642881
3,19,Blue,-0.9054752621061379,1.7599706973438218,2.509970697343822,0.10134368620891084,0.1528939936848814,0.1528939936848814,0.2045309074933313,0.7891780501002311,0.9964858388097037,0.39414957420316227,0.7954690925066688,0.0408442807963498,0.21082194989976888,0.0005391889356688014,0.00351416119029635,0.2045309074933313,Blue,0.7891780501002311,0.49044244678693416,Blue,0.9964858388097037,0.98646996934991
3,20,Blue,1.477226513936079,1.8816493499452556,2.6316493499452553,0.30624564596222104,0.12822937006669816,0.12822937006669824,0.9016629370425813,0.8039609796603658,0.9973252233504971,0.033399728579505836,0.09833706295741873,0.03126763701549728,0.19603902033963416,0.00034390479334576324,0.0026747766495028857,0.9016629370425813,Blue,0.8039609796603658,0.9740950996437949,Blue,0.9973252233504971,0.9997075869686067
3,21,Orange,-0.5541760112695647,-0.6162052862985921,-1.366205286298592,0.1704392982931907,0.2440987327789887,0.017917266494399446,0.30337786680290374,0.38647496811094584,0.04419417049103174,0.3913660175966479,0.6966221331970963,0.3875042245150397,0.6135250318890542,0.3875042245150397,0.9558058295089683,0.30337786680290374,Orange,0.38647496811094584,0.21527484386066723,Orange,0.04419417049103174,0.019738933776875578
3,22,Orange,0.24961434222116763,-0.5407854721866738,-1.2907854721866738,0.35199741876670865,0.2622990408678494,0.021559294480434466,0.5925269383262904,0.39997024132139214,0.05194301728942785,0.242064042406677,0.40747306167370956,0.39349735038687295,0.6000297586786079,0.39349735038687295,0.9480569827105721,0.5925269383262904,Orange,0.39997024132139214,0.492208733002941,Orange,0.05194301728942785,0.07379218506390053
3,23,Orange,-1.361021021972914,-1.3972300092120806,-2.1472300092120804,0.042974712794856165,0.08296485986284069,0.0018871582557337405,0.11491087350463357,0.2596242360213211,0.007913285034479476,0.33100828362822204,0.8850891264953664,0.23659259414937783,0.7403757639786789,0.2365925941493779,0.9920867149655205,0.11491087350463357,Orange,0.2596242360213211,0.043544367576711575,Orange,0.007913285034479476,0.0010345030709731765
3,24,Blue,1.1780646288317311,-2.2751867623625093,-1.5251867623625093,0.36401573056797226,0.01190634924793412,0.01190634924793412,0.8540962759981203,0.1536325265001278,0.031320219459957076,0.06218414970029549,0.14590372400187968,0.06559253408862428,0.8463674734998722,0.36824262330816165,0.9686797805400429,0.8540962759981203,Orange,0.1536325265001278,0.5151720586587984,Orange,0.031320219459957076,0.15914904440768185
3,25,Blue,0.8899718301739774,1.4679461625516612,2.2179461625516614,0.3950532986763716,0.21954365326383218,0.21954365326383213,0.7916595215420449,0.7504398666531811,0.9932428827062744,0.10396589824664602,0.20834047845795511,0.07300963850484089,0.24956013334681892,0.0014935744741051925,0.006757117293725634,0.7916595215420449,Blue,0.7504398666531811,0.9195254966780279,Blue,0.9932428827062744,0.9982128361798098
3,26,Orange,-0.23207100692708948,-0.49704378844662045,-1.2470437884466206,0.24630854905574773,0.27275843808274897,0.023939286083780414,0.4138416625631924,0.40786876052580423,0.05700894970673761,0.34886726656947864,0.5861583374368076,0.39598225618155874,0.5921312394741958,0.39598225618155874,0.9429910502932624,0.4138416625631924,Orange,0.40786876052580423,0.3271971716905325,Orange,0.05700894970673761,0.040935721368675064
3,27,Orange,-0.568375679624564,-2.2674530496028225,-3.0174530496028225,0.16729513523298278,0.012152533737359944,7.493442446999577e-05,0.298895377465041,0.15438825118249777,0.0011245250397071197,0.39241621477794103,0.701104622534959,0.06656157594573242,0.8456117488175022,0.06656157594573242,0.9988754749602928,0.298895377465041,Orange,0.15438825118249777,0.07221492882710663,Orange,0.0011245250397071197,0.00047971771833135566
3,28,Blue,0.308672786921153,2.1334126918002423,2.8834126918002423,0.36192314811970494,0.08501342187490527,0.08501342187490527,0.6137277941432995,0.8320267035497317,0.9984802348728753,0.22778967175496312,0.3862722058567005,0.017162892313337442,0.16797329645026826,0.00012939708708352895,0.001519765127124706,0.6137277941432995,Blue,0.8320267035497317,0.8872614923985519,Blue,0.9984802348728753,0.9990429407483303
3,29,Orange,-0.41499868454271,-0.7597574657249597,-1.5097574657249597,0.20239187195550545,0.20955358719081932,0.012401820721122413,0.34921352763605457,0.3612787985491804,0.032390786116012385,0.3771729385074942,0.6507864723639454,0.37047930716208055,0.6387212014508197,0.37047930716208055,0.9676092138839876,0.34921352763605457,Orange,0.3612787985491804,0.23284495440441463,Orange,0.032390786116012385,0.01764583148571345
3,30,Blue,2.519302331656011,1.65130237010586,2.40130237010586,0.08339608579717812,0.17668047510733223,0.17668047510733223,0.977663719857535,0.7752987640733523,0.9955168241479674,0.0019053160072486568,0.022336280142465026,0.05120648059870858,0.2247012359266477,0.0007956567084687515,0.004483175852032617,0.977663719857535,Blue,0.7752987640733523,0.9934220357725673,Blue,0.9955168241479674,0.9998971240548308
3,31,Blue,0.19777258641076156,0.7282149464075542,1.4782149464075542,0.3425231297770103,0.3748164151865948,0.3748164151865948,0.5736255497262492,0.6332445046024778,0.9653095243907743,0.25459659395299494,0.42637445027375076,0.21708199445201312,0.36675549539752217,0.013469834680409045,0.03469047560922567,0.5736255497262492,Blue,0.6332445046024778,0.6990588267982367,Blue,0.9653095243907743,0.9739829703483169
3,32,Orange,-0.14363258840371596,-0.30695180577422543,-1.0569518057742253,0.267609049313221,0.31617239324653684,0.03690547464544441,0.44634516578936145,0.4426993833333312,0.08485477031424403,0.3319472354287777,0.5536548342106385,0.39801968641234614,0.5573006166666687,0.39801968641234614,0.915145229685756,0.44634516578936145,Orange,0.4426993833333312,0.39039248267967136,Orange,0.08485477031424403,0.0695520692926734
3,33,Orange,-2.34715873063741,0.35851191542347705,-0.39148808457652295,0.0032957067756645003,0.39888805647440634,0.1263364631581276,0.028727893963450962,0.5668188925303156,0.29300204387657036,0.11142578237552285,0.971272106036549,0.30484299718498153,0.4331811074696844,0.30484299718498153,0.7069979561234296,0.028727893963450962,Blue,0.5668188925303156,0.037260317866347197,Orange,0.29300204387657036,0.012109443856894393
3,34,Orange,-2.44737227111327,0.7136327185296112,-0.03636728147038881,0.002404211583096699,0.3767118933790177,0.20324858053024586,0.024817915709716483,0.630700826178084,0.4795548105610462,0.09446982132190765,0.9751820842902835,0.22057905304611,0.369299173821916,0.22057905304611,0.5204451894389538,0.024817915709716483,Blue,0.630700826178084,0.04165310629098342,Orange,0.4795548105610462,0.02291269711767077
3,35,Blue,1.560895443594028,0.9496320222128515,1.6996320222128514,0.2871604261022239,0.33822649185011966,0.33822649185011966,0.91224367203999,0.6708923998209566,0.9786301356200868,0.027624356630295437,0.08775632796000998,0.16591767782654288,0.3291076001790434,0.007385685354918192,0.021369864379913173,0.91224367203999,Blue,0.6708923998209566,0.9549362823451591,Blue,0.9786301356200868,0.9979037676149213
3,36,Blue,1.7617997057084633,-0.3474787754654135,0.4025212245345865,0.23911567329806643,0.3073013785945362,0.3073013785945362,0.9335596035400577,0.4352139883478131,0.7121138590957257,0.01701759595580859,0.06644039645994226,0.39879122601390754,0.5647860116521869,0.12423267269434247,0.28788614090427433,0.9335596035400577,Orange,0.4352139883478131,0.9154513780927875,Blue,0.7121138590957257,0.9720332121211996
3,37,Orange,0.22323751859509178,1.1411796894174309,0.39117968941743086,0.3472612539419918,0.29746634351372103,0.3047740314919647,0.5829405127738021,0.7018001478005599,0.7068541950705322,0.2484449053187891,0.4170594872261979,0.12639555569787062,0.2981998521994401,0.12639555569787062,0.29314580492946785,0.5829405127738021,Blue,0.7018001478005599,0.7668735733307283,Blue,0.7068541950705322,0.7711843123361051
3,38,Blue,1.4133402084771387,-0.16763814062675864,0.5823618593732414,0.320155440586136,0.344325926628935,0.344325926628935,0.8928329162618264,0.4686091890724528,0.7875657254116892,0.038428382607328435,0.10716708373817363,0.3904567764385841,0.5313908109275471,0.09287685596923267,0.21243427458831077,0.8928329162618264,Orange,0.4686091890724528,0.8801953853675923,Blue,0.7875657254116892,0.9686389266558082
3,39,Orange,-1.6432316399627545,-1.8065041092709442,-2.556504109270944,0.02276075781273165,0.03694153975125647,0.0004547899988732236,0.07835954059410928,0.20507400929134592,0.0031659401925445098,0.2677049294560207,0.9216404594058907,0.14319605973739505,0.7949259907086541,0.14319605973739505,0.9968340598074555,0.07835954059410928,Orange,0.20507400929134592,0.02146305323686692,Orange,0.0031659401925445098,0.00026995596679367246
3,40,Blue,2.614796533220585,0.5313316366411741,1.281331636641174,0.07011127975775246,0.39409695411890394,0.394096954118904,0.9805867405859229,0.598326909877504,0.9469994480372574,0.0013880347402789798,0.019413259414077122,0.26456797906885415,0.40167309012249597,0.022056355089148667,0.05300055196274256,0.9805867405859229,Blue,0.598326909877504,0.9868836619202868,Blue,0.9469994480372574,0.9988932177832273
3,41,Orange,0.9850677371989507,-1.3105040807476347,-2.0605040807476347,0.3880710049161312,0.09638540046310415,0.002497021499886589,0.8142100440849831,0.272321086953879,0.009602012274796158,0.08855171392081095,0.1857899559150169,0.2575548747511624,0.727678913046121,0.2575548747511624,0.9903979877252038,0.8142100440849831,Orange,0.272321086953879,0.6212185458893505,Orange,0.009602012274796158,0.04075638431387779
3,42,Blue,-1.6480879897014216,-0.4983554700117312,0.2516445299882688,0.02249748989134447,0.27244638903937446,0.27244638903937446,0.07783507036207205,0.40763119211099774,0.6378859278988869,0.26654303884063935,0.922164929637928,0.39591853080019335,0.5923688078890023,0.15466193413178778,0.3621140721011131,0.07783507036207205,Orange,0.40763119211099774,0.05489371209055648,Blue,0.6378859278988869,0.1294385843806536
3,43,Blue,1.8450851679261029,0.6939126120950301,1.44391261209503,0.2190304986301359,0.37916221396568106,0.37916221396568106,0.9409012129084057,0.6272493517615404,0.962630089888085,0.013757487637937896,0.05909878709159433,0.2253218128425699,0.3727506482384596,0.014719317422728327,0.03736991011191504,0.9409012129084057,Blue,0.6272493517615404,0.9640169960577687,Blue,0.962630089888085,0.9975675748553762
3,44,Orange,-1.8743020558419647,0.8259599760434095,0.07595997604340954,0.01274751187662321,0.3603710862847355,0.2301138668891912,0.05670840155320502,0.6500979946664478,0.5426237828644302,0.21204302228546607,0.943291598446795,0.1939623976535354,0.3499020053335522,0.1939623976535354,0.45737621713556975,0.05670840155320502,Blue,0.6500979946664478,0.10047272282833213,Blue,0.5426237828644302,0.06657427589081126
3,45,Blue,0.5846172902343143,0.2181523114131063,0.9681523114131063,0.39352359401318787,0.39406510906125997,0.39406510906125997,0.7061847946079685,0.5408125542792727,0.898287749773263,0.16372940409426728,0.29381520539203154,0.3345886656027189,0.45918744572072734,0.04461960990627136,0.10171225022673702,0.7061847946079685,Blue,0.5408125542792727,0.7389542185921153,Blue,0.898287749773263,0.9550094443296576
3,46,Blue,-0.35459916565101635,0.8364318348687942,1.5864318348687942,0.21675053574995,0.35865362026358905,0.35865362026358905,0.37007414407974,0.6518824118718223,0.9726011124207072,0.3689443559830069,0.6299258559202601,0.19152784457106894,0.3481175881281777,0.010103535864822063,0.027398887579292763,0.37007414407974,Blue,0.6518824118718223,0.5238381955355164,Blue,0.9726011124207072,0.9542429698489809
3,47,Orange,0.08203056941756981,-0.6338267001512187,-1.3838267001512188,0.31917041156512005,0.239834976832653,0.01714507636685907,0.530722710766703,0.3833460207830565,0.04254933065551663,0.2822178559616905,0.46927728923329703,0.38580077736859014,0.6166539792169434,0.38580077736859014,0.9574506693444834,0.530722710766703,Orange,0.3833460207830565,0.4128189293651832,Orange,0.04254933065551663,0.04785397513080791
3,48,Orange,-1.6842958152598335,-0.7191078711867718,-1.4691078711867718,0.020612932862839606,0.21926493091347699,0.013792416637505179,0.07402504383912828,0.3683432449112147,0.035383236951753695,0.25784597501211914,0.9259749561608717,0.3760084559144219,0.6316567550887853,0.3760084559144219,0.9646167630482463,0.07402504383912828,Orange,0.3683432449112147,0.04454130273952093,Orange,0.035383236951753695,0.0029238193082801217
3,49,Blue,1.61013538488361,-1.3732639723305868,-0.6232639723305868,0.2755861559878226,0.08653970165439773,0.08653970165439773,0.9179792917486093,0.26309418959872716,0.1974444273548957,0.024623400442228636,0.08202070825139074,0.24239079196991453,0.7369058104012729,0.3517593317179004,0.8025555726451044,0.9179792917486093,Orange,0.26309418959872716,0.7998336660687722,Orange,0.1974444273548957,0.733579314540726
3,50,Blue,-1.3365228424426423,0.8539010766546318,1.6039010766546318,0.045242095045595475,0.355719900624489,0.355719900624489,0.11870151945496878,0.6548497086277549,0.973629308526435,0.3358995723343133,0.8812984805450312,0.18748855764894312,0.34515029137224507,0.009634652190753039,0.026370691473564967,0.11870151945496878,Blue,0.6548497086277549,0.2035328520218493,Blue,0.973629308526435,0.83257574446206
4,1,Blue,-0.9072510218671141,-1.6347145978161106,-0.8847145978161106,0.10104604166488124,0.05294959183080414,0.05294959183080414,0.20409787966896092,0.22687598046165958,0.1201925702482111,0.39404014849434094,0.795902120331039,0.18043603023046226,0.7731240195383404,0.3875900498580066,0.8798074297517889,0.20409787966896092,Orange,0.22687598046165958,0.06998547517078298,Orange,0.1201925702482111,0.033846589918546124
4,2,Orange,-1.7606823077056308,1.2969908211865016,0.5469908211865016,0.017065415338242056,0.2608076620380989,0.33756883341649957,0.06654443374864151,0.7256659211979982,0.7739462016759113,0.23938601683868957,0.9334555662513585,0.09859692679464226,0.2743340788020018,0.09859692679464226,0.22605379832408867,0.06654443374864151,Blue,0.7256659211979982,0.15865358810352131,Blue,0.7739462016759113,0.19618767102906842
4,3,Orange,-0.42653608385383757,-0.3363956082665208,-1.086395608266521,0.19967642222398752,0.3097529022279193,0.034594042240182074,0.34529081837064146,0.4372582824024266,0.07984975804836004,0.3786083499174228,0.6547091816293585,0.3986451194768842,0.5627417175975734,0.3986451194768842,0.92015024195164,0.34529081837064146,Orange,0.4372582824024266,0.2906764797921172,Orange,0.07984975804836004,0.04376395557827142
4,4,Blue,2.067200272660007,0.02707223599302161,0.7770722359930216,0.1675544656768957,0.375511794673965,0.375511794673965,0.9569257490735956,0.505075869868548,0.8517524638416745,0.007542155810305341,0.04307425092640438,0.36796421967551546,0.494924130131452,0.06535783660398561,0.14824753615832553,0.9569257490735956,Blue,0.505075869868548,0.9577549427668988,Blue,0.8517524638416745,0.992226361514773
4,5,Blue,1.535043555655395,1.0324327280279852,1.7824327280279852,0.2931457875319584,0.3214068769192426,0.3214068769192426,0.9090892760602746,0.6844556365739632,0.9821978519224063,0.029315158000658606,0.09091072393972544,0.14817341396424244,0.31554436342603676,0.005825438128249281,0.017802148077593727,0.9090892760602746,Blue,0.6844556365739632,0.9559293457393347,Blue,0.9821978519224063,0.9981907625984449
4,6,Blue,-0.7174483452495466,1.6376573808176624,2.3876573808176627,0.13592651689852453,0.17976760171386208,0.17976760171386202,0.2542310152367407,0.7735109164774272,0.9953776965972986,0.39873097472164365,0.7457689847632594,0.05263713606608378,0.2264890835225728,0.0008347990917799635,0.004622303402701422,0.2542310152367407,Blue,0.7735109164774272,0.5379445339251486,Blue,0.9953776965972986,0.9865608986817659
4,7,Blue,0.018786735586470704,0.9830058149452688,1.733005814945269,0.30535661611491266,0.33161717301807525,0.3316171730180752,0.5070445596666607,0.6763951690943544,0.9801453586260295,0.29687174881549705,0.49295544033333927,0.15865417747380864,0.3236048309056456,0.006717513872588712,0.019854641373970527,0.5070445596666607,Blue,0.6763951690943544,0.6825324502724429,Blue,0.9801453586260295,0.9806863993051594
4,8,Blue,-1.0199121543963188,0.10338258639736919,0.8533825863973692,0.08330613772552375,0.3844942122210732,0.3844942122210732,0.17801296589447874,0.519374529319857,0.8721507909728498,0.3846717834721118,0.8219870341055213,0.3558081909880036,0.48062547068014305,0.05636328191957318,0.12784920902715025,0.17801296589447874,Blue,0.519374529319857,0.18964303721432554,Blue,0.8721507909728498,0.5963410960066363
4,9,Orange,-1.6919456532340935,-0.15352064728572953,-0.9035206472857296,0.020232039447084234,0.34693925551631716,0.050976703668261056,0.07324233718572382,0.47124663768832065,0.11578948081534603,0.25600217459473373,0.9267576628142762,0.3892766190800772,0.5287533623116794,0.3892766190800772,0.884210519184654,0.07324233718572382,Orange,0.47124663768832065,0.0658007219374867,Orange,0.11578948081534603,0.010243253219470259
4,10,Blue,-1.3101281277248984,1.378734473179494,2.128734473179494,0.047786959786071594,0.24106709553504999,0.24106709553504999,0.12290623102253256,0.7377004844947832,0.9917532288298528,0.34102131615325604,0.8770937689774674,0.08571470900740685,0.2622995155052168,0.002004556290555448,0.00824677117014716,0.12290623102253256,Blue,0.7377004844947832,0.2826932194131613,Blue,0.9917532288298528,0.9439833929777928
4,11,Blue,1.8776399249602618,-0.35612735188748124,0.39387264811251876,0.21124758740315186,0.3053757982087116,0.3053757982087116,0.9435588315115507,0.43362028061121566,0.7081081456465621,0.012636266309223513,0.05644116848844927,0.39887123972564137,0.5663797193887843,0.12588007716309038,0.2918918543534379,0.9435588315115507,Orange,0.43362028061121566,0.9275308010793099,Blue,0.7081081456465621,0.9759358422505208
4,12,Blue,0.3362873771086393,1.2387507987902062,1.9887507987902062,0.366221257196625,0.27472868882303175,0.27472868882303175,0.62350008164123,0.7168851699590664,0.9887345937067924,0.2211423502509092,0.37649991835876995,0.10849682669254042,0.28311483004093363,0.003130193198145006,0.011265406293207603,0.62350008164123,Blue,0.7168851699590664,0.807445163350686,Blue,0.9887345937067924,0.9931669005906555
4,13,Orange,0.18994209585054744,-1.0655802857258672,-1.8155802857258672,0.34103472937678725,0.14134178523494176,0.005287314903755146,0.5707503327375711,0.3101998364081061,0.016543898431993182,0.25648525408258943,0.42924966726242886,0.31430573177080295,0.6898001635918939,0.31430573177080295,0.9834561015680068,0.5707503327375711,Orange,0.3101998364081061,0.37419258767951147,Orange,0.016543898431993182,0.02187822130948467
4,14,Blue,1.1558516245377475,0.22755726580851385,0.9775572658085139,0.36740286662267013,0.3946293878465011,0.3946293878465011,0.8498949583568113,0.5425637227163936,0.9002049474249708,0.06488922195849711,0.15010504164318872,0.3327126207027507,0.45743627728360636,0.043747882768746395,0.09979505257502919,0.8498949583568113,Blue,0.5425637227163936,0.8703938288257711,Blue,0.9002049474249708,0.9807966665416423
4,15,Orange,0.9583167909627504,-0.7309701134846289,-1.480970113484629,0.39037928925939536,0.2164223450691338,0.013373519961699377,0.808063365075022,0.36627572046896467,0.034483482926923895,0.09272550936385607,0.19193663492497803,0.37445041273210766,0.6337242795310354,0.37445041273210766,0.9655165170730761,0.808063365075022,Orange,0.36627572046896467,0.7087348794932339,Orange,0.034483482926923895,0.13070864659897172
4,16,Blue,0.18266315981434988,-0.18237516158278255,0.5676248384172174,0.33963829077632,0.3415462871069421,0.3415462871069421,0.5680733436634576,0.46585787144412055,0.7819652564748001,0.25823924487078675,0.43192665633654237,0.3916092696472608,0.5341421285558794,0.095233076527034,0.21803474352519991,0.5680733436634576,Orange,0.46585787144412055,0.5342496227327777,Blue,0.7819652564748001,0.8250798558753447
4,17,Orange,0.8497705600713372,-1.2772308855318761,-2.027230885531876,0.39696164480935064,0.1018889297773662,0.0027746842804831765,0.7815387091278567,0.2772942046373838,0.010340737711402558,0.1109615587032847,0.21846129087214328,0.26555087990277415,0.7227057953626161,0.26555087990277415,0.9896592622885975,0.7815387091278567,Orange,0.2772942046373838,0.5785277745212181,Orange,0.010340737711402558,0.03603328566138264
4,18,Blue,-0.3223987935816077,1.05595787854584,1.80595787854584,0.22448236674679567,0.31638661457208506,0.31638661457208506,0.3814028257181182,0.6882538297990218,0.9831001329857866,0.3640879101622247,0.6185971742818819,0.1433080516595197,0.31174617020097817,0.005438806823376485,0.01689986701421342,0.3814028257181182,Blue,0.6882538297990218,0.5764874001977845,Blue,0.9831001329857866,0.9728751911349021
4,19,Orange,-3.8666028737910247,-1.3450436132747727,-2.0950436132747727,9.39390408781562e-06,0.09088016131404757,0.0022355254700678574,0.0030187042967790637,0.26721814394581117,0.008890443623527264,0.0031025054952136823,0.9969812957032209,0.24921710892399826,0.7327818560541888,0.24921710892399826,0.9911095563764727,0.0030187042967790637,Orange,0.26721814394581117,0.0011029238796557048,Orange,0.008890443623527264,2.7159610385527247e-05
4,20,Orange,-0.841905897028381,-1.8632187694843236,-2.6132187694843236,0.11236298331497102,0.03258998771005372,0.0003684968784009931,0.22048215047407987,0.1982267790263933,0.0027877127089706087,0.3972609616319036,0.7795178495259201,0.13181760580542412,0.8017732209736067,0.13181760580542412,0.9972122872910294,0.22048215047407987,Orange,0.1982267790263933,0.06535865944738037,Orange,0.0027877127089706087,0.000790068065608824
4,21,Orange,0.14216961322002175,-0.45891586493193326,-1.2089158649319334,0.33165254053474413,0.28177500866647914,0.026186267011660862,0.5531124723847317,0.4147927891775395,0.06179994696698345,0.2679588533375217,0.4468875276152683,0.3975401000295737,0.5852072108224605,0.3975401000295737,0.9382000530330166,0.5531124723847317,Orange,0.4147927891775395,0.4673135631004381,Orange,0.06179994696698345,0.07538241006107427
4,22,Blue,-1.0434784408497801,1.110799530800743,1.860799530800743,0.07988070121634741,0.3043311053437265,0.3043311053437265,0.17289922101189203,0.6970099349343349,0.9850325809793089,0.38212659267917115,0.827100778988108,0.1322926644055489,0.30299006506566506,0.004624264478826753,0.014967419020691097,0.17289922101189203,Blue,0.6970099349343349,0.3247301161968798,Blue,0.9850325809793089,0.9322376653217495
4,23,Blue,1.2436279687123066,-2.098330223629561,-1.348330223629561,0.35318163100488753,0.01873016916566133,0.01873016916566133,0.8659299919656646,0.17168278818642058,0.045924546527020854,0.054682323681753874,0.13407000803433544,0.09036736683965625,0.8283172118135794,0.38911640923530266,0.9540754534729792,0.8659299919656646,Orange,0.17168278818642058,0.5724108713464758,Orange,0.045924546527020854,0.23716221473385554
4,24,Blue,0.5337802921800084,0.9760339210849649,1.726033921084965,0.38972496202279655,0.3330177722345649,0.3330177722345649,0.6901178761054472,0.6752495841632757,0.9798377770619043,0.17499734921791124,0.30988212389455283,0.16015953589694376,0.32475041583672426,0.006852541025999923,0.020162222938095664,0.6901178761054472,Blue,0.6752495841632757,0.8224004111449412,Blue,0.9798377770619043,0.9908448986235855
4,25,Blue,0.7141454464666689,1.2802759798371466,2.0302759798371466,0.39868593287046333,0.2648210847130981,0.2648210847130981,0.7448285089862586,0.7231632450313611,0.9897291441106617,0.1365861842147041,0.25517149101374137,0.10137712368950641,0.2768367549686389,0.0027481652063409065,0.010270855889338293,0.7448285089862586,Blue,0.7231632450313611,0.8840572363048838,Blue,0.9897291441106617,0.996457377605485
4,26,Orange,-1.772938152290964,-0.1730841424893115,-0.9230841424893115,0.01654705740371237,0.3433047827823887,0.04898393652871562,0.06541156193011746,0.46759222032683356,0.11135848464381978,0.236421330989007,0.9345884380698826,0.39089216887439565,0.5324077796731664,0.39089216887439565,0.8886415153561802,0.06541156193011746,Orange,0.46759222032683356,0.05790947598075284,Orange,0.11135848464381978,0.008694375633658555
4,27,Blue,-0.47239858158179193,-0.07877067439316165,0.6712293256068383,0.18898877082133958,0.3599131791397067,0.3599131791397067,0.3299087331317666,0.4852347927752641,0.8191006221119725,0.3838629055417014,0.6700912668682334,0.38181677200664493,0.514765207224736,0.07948726742777971,0.18089937788802746,0.3299087331317666,Orange,0.4852347927752641,0.31698207479024654,Blue,0.8191006221119725,0.6903311929592744
4,28,Orange,1.319656615491839,1.4971247691848448,0.7471247691848448,0.33919067622327664,0.21256222031065475,0.37145283608649426,0.8786262439173981,0.7545157897370113,0.8430409686089234,0.046855926153381744,0.12137375608260192,0.06915782213503606,0.24548421026298872,0.06915782213503606,0.1569590313910766,0.8786262439173981,Blue,0.7545157897370113,0.9569886912879347,Blue,0.8430409686089234,0.9749256464187752
4,29,Orange,-1.8161455617432072,0.46393038706154976,-0.28606961293845024,0.014824262902520601,0.39736785513260237,0.1474159259184327,0.06155932239124505,0.5861198351071361,0.34442042178712545,0.2259883764618936,0.9384406776087549,0.28059564538597,0.41388016489286394,0.28059564538597,0.6555795782128746,0.06155932239124505,Blue,0.5861198351071361,0.08500017549685077,Orange,0.34442042178712545,0.033314677142152055
4,30,Orange,1.0005980618642691,0.9339688287494732,0.18396882874947318,0.3866102391199019,0.34124260298188824,0.25622268077127325,0.8177082362850172,0.6682934368318912,0.6020298112729173,0.08618705209528227,0.1822917637149828,0.16937531449996118,0.33170656316810876,0.16937531449996118,0.3979701887270827,0.8177082362850172,Blue,0.6682934368318912,0.9003728030727662,Blue,0.6020298112729173,0.8715604609026649
4,31,Blue,-0.1700769594794561,-0.40871512079357264,0.34128487920642736,0.2612678013496272,0.29345140371934264,0.29345140371934264,0.4365648182550947,0.42396040319771583,0.6830644934913074,0.3371949936916409,0.5634351817449053,0.3987156041096651,0.5760395968022842,0.13615869388570448,0.3169355065086926,0.4365648182550947,Orange,0.42396040319771583,0.3631653559507929,Blue,0.6830644934913074,0.6254568998725941
4,32,Orange,-0.4691951470875321,0.6764274856493564,-0.0735725143506436,0.18972930436771412,0.3812241343243802,0.1945187792281084,0.3309718699057039,0.6241781541608306,0.45870970705958797,0.3835197286143616,0.6690281300942962,0.22953760378372906,0.37582184583916944,0.22953760378372906,0.541290292940412,0.3309718699057039,Blue,0.6241781541608306,0.4510393674612976,Orange,0.45870970705958797,0.2953935514603604
4,33,Blue,0.7353918078237662,-1.4462124347269776,-0.6962124347269776,0.3988997156748617,0.07597538297365782,0.07597538297365782,0.7508382025982946,0.25262529556246666,0.1727190635917257,0.13237281986536412,0.2491617974017054,0.22476798797223146,0.7473747044375334,0.363903003312924,0.8272809364082743,0.7508382025982946,Orange,0.25262529556246666,0.5046069660441302,Orange,0.1727190635917257,0.38618186723931003
4,34,Orange,0.513022256824861,0.084693218127114,-0.6653067818728859,0.38789610005413455,0.38248052310254177,0.08033597749588839,0.6834199469501875,0.5158746412014247,0.182882316796197,0.17968478748821748,0.3165800530498125,0.3589409241928317,0.4841253587985753,0.3589409241928317,0.817117683203803,0.6834199469501875,Blue,0.5158746412014247,0.6970001464781448,Orange,0.182882316796197,0.3257640288149901
4,35,Blue,0.050062287777034586,-0.25545860830476796,0.49454139169523204,0.3122675477801795,0.3270384399605828,0.3270384399605828,0.5187645409377633,0.4522474975273621,0.7526355077818159,0.2896771171649186,0.48123545906223675,0.3961019682199979,0.547752502472638,0.10748589031508776,0.24736449221818413,0.5187645409377633,Orange,0.4522474975273621,0.4709077656379743,Blue,0.7526355077818159,0.7663494355526687
4,36,Blue,1.3939967998670602,0.42968128339549516,1.1796812833954953,0.32422924330175334,0.3983462987777275,0.3983462987777275,0.8900248742054913,0.5798751670063585,0.9342744738053474,0.04006309582100072,0.10997512579450874,0.28860551679012125,0.42012483299364145,0.028023370892516976,0.06572552619465255,0.8900248742054913,Blue,0.5798751670063585,0.9178325827312852,Blue,0.9342744738053474,0.9913822665376966
4,37,Orange,-1.1612836690135777,-0.23191171148980289,-0.9819117114898028,0.06421996309901204,0.3318376465873052,0.04334876725383086,0.1490685249167389,0.4566258487087254,0.0989183287696034,0.3665883724291058,0.8509314750832611,0.3948790899393196,0.5433741512912746,0.3948790899393196,0.9010816712303966,0.1490685249167389,Orange,0.4566258487087254,0.12832402152023403,Orange,0.0989183287696034,0.018868236719823305
4,38,Blue,0.2004216254529484,0.25655667698969425,1.0065566769896943,0.34302336037369097,0.39615372699013646,0.39615372699013646,0.574597114297602,0.5479565043710752,0.9059154832331018,0.2539572923972666,0.42540288570239804,0.32681191687027805,0.45204349562892476,0.04114283579330574,0.09408451676689822,0.574597114297602,Blue,0.5479565043710752,0.6208246580047666,Blue,0.9059154832331018,0.9286003152765606
4,39,Blue,-0.2505943677063809,0.09554437319916609,0.8455443731991661,0.24182690495153297,0.38366471075754277,0.38366471075754277,0.40711818579194026,0.5179069081017889,0.8701713723149626,0.35216990823705746,0.5928818142080597,0.35713388597045786,0.48209309189821115,0.0572423599230973,0.12982862768503745,0.40711818579194026,Blue,0.5179069081017889,0.4245229523076104,Blue,0.8701713723149626,0.8215058583786781
4,40,Orange,-0.979492144666732,-0.19552754361394784,-0.9455275436139479,0.08941113317148425,0.33902230672570716,0.04677152564393331,0.1870584288449043,0.4634041447450603,0.10645855413585237,0.388573920608785,0.8129415711550957,0.3925687042097232,0.5365958552549397,0.3925687042097232,0.8935414458641476,0.1870584288449043,Orange,0.4634041447450603,0.16577331672153903,Orange,0.10645855413585237,0.026683207171480164
4,41,Blue,1.8036044636513262,1.1861466863942618,1.9361466863942618,0.22901226541050212,0.28710191933487217,0.28710191933487217,0.9373449278363927,0.7088096867543859,0.9873370372577867,0.0153078974340497,0.06265507216360733,0.11794604304484858,0.29119031324561406,0.0036821883212776107,0.012662962742213346,0.9373449278363927,Blue,0.7088096867543859,0.9732736862656282,Blue,0.9873370372577867,0.9991434463988242
4,42,Blue,0.012302811265906155,-1.0602907928516796,-0.3102907928516796,0.30390591842553133,0.14242092248596597,0.14242092248596597,0.504613423297227,0.3110493429287658,0.33222157380382145,0.2983490046396541,0.495386576702773,0.31545152033922963,0.6889506570712343,0.28627165414382943,0.6677784261961786,0.504613423297227,Orange,0.3110493429287658,0.3150177632346191,Orange,0.33222157380382145,0.33632824781696574
4,43,Orange,-0.3543439042319463,0.7852599542220002,0.035259954222000234,0.21681165262043298,0.3667425600878688,0.22031317615877338,0.3701634080535778,0.6431230352297804,0.5198233279621295,0.36890710807633337,0.6298365919464222,0.20351000434847724,0.3568769647702196,0.20351000434847724,0.4801766720378705,0.3701634080535778,Blue,0.6431230352297804,0.5143533326494987,Blue,0.5198233279621295,0.38884234872391155
4,44,Orange,-1.8650400026128757,-0.10328878703170136,-0.8532887870317014,0.013060594430238484,0.35582415560004127,0.056373742034489326,0.05745617119331277,0.4806430316778652,0.1278727435909903,0.21425344615028988,0.9425438288066872,0.38448441468735745,0.5193569683221348,0.38448441468735745,0.8721272564090097,0.05745617119331277,Orange,0.4806430316778652,0.0534019854417218,Orange,0.1278727435909903,0.008858676343346377
4,45,Orange,0.5049756688770799,1.125327276958837,0.37532727695883694,0.38714460685363206,0.3010635085950223,0.30121134160307095,0.6808027797605415,0.6993060377218162,0.6994092558969633,0.18151436217966468,0.3191972202394585,0.12945402214991494,0.3006939622781838,0.12945402214991494,0.30059074410303666,0.6808027797605415,Blue,0.6993060377218162,0.8322221962977591,Blue,0.6994092558969633,0.8322907308620854
4,46,Orange,-0.9588974037298036,1.5402000134397604,0.7902000134397604,0.09263356764593028,0.20234440283269833,0.3771983703176323,0.19180159424933593,0.7604503297364376,0.8554435515573351,0.39033200940505924,0.808198405750664,0.06374056671794723,0.23954967026356244,0.06374056671794723,0.1445564484426649,0.19180159424933593,Blue,0.7604503297364376,0.42967038546064595,Blue,0.8554435515573351,0.584094308289106
4,47,Orange,-1.4145783371160279,-0.7931012524368197,-1.5431012524368197,0.03832556078560494,0.20166067895813,0.01135246157366929,0.10698951284537839,0.35552832745329277,0.03012014990839423,0.3198923595164827,0.8930104871546216,0.36555341732122476,0.6444716725467072,0.36555341732122476,0.9698798500916058,0.10698951284537839,Orange,0.35552832745329277,0.06199547090470562,Orange,0.03012014990839423,0.0037069008122430245
4,48,Orange,-0.9935306288517025,0.14778728783017825,-0.6022127121698218,0.08725782299574102,0.3887762314017736,0.08976407766165784,0.18387731210864194,0.527681781640976,0.20505762307152614,0.38728589311092937,0.8161226878913581,0.34798642542667274,0.472318218359024,0.34798642542667274,0.7949423769284738,0.18387731210864194,Blue,0.527681781640976,0.20109646670337392,Orange,0.20505762307152614,0.05492609659759185
4,49,Orange,-0.7970341996400444,0.19410872285915604,-0.555891277140844,0.12056142069118035,0.39246835850721734,0.0971366745735225,0.23226756081206765,0.5363312412075457,0.222569407434776,0.398501251124317,0.7677324391879323,0.33929650684647306,0.4636687587924543,0.33929650684647306,0.7774305925652241,0.23226756081206765,Blue,0.5363312412075457,0.25923090828561823,Orange,0.222569407434776,0.07970905490413246
4,50,Orange,-1.8179162538268678,-2.073132318690817,-2.823132318690817,0.014757033291269442,0.019928299777332292,0.0001644649737191605,0.0614060622376031,0.17438699054034967,0.0017401405843048283,0.22556180093341902,0.9385939377623969,0.09434799867579849,0.8256130094596503,0.09434799867579849,0.9982598594156952,0.0614060622376031,Orange,0.17438699054034967,0.013630466149936595,Orange,0.0017401405843048283,0.00011403146535568523
